solve_id,solver,solve_time,pll,pll_time,Split,STM,STPS,ETM,ETPS,Solver_count,U,U2,L,L2,F,F2,R,R2,B,B2,D,D2,simul,ghost_move
12921,Dylan Miller,4.4,U U' R2 U R' U R' U' R U' R2 D U' R' U R D' U2',0.45313703719490583,31.1%,18,13.14,18,13.14,125,8,1,0,0,0,0,5,2,0,0,2,0,2,1
12920,Dylan Miller,4.6,U' R' U2 R' D' R U' R' D R U R U' R' U' R,-0.7527692922217183,22.4%,16,15.53,16,15.53,125,5,1,0,0,0,0,8,0,0,0,2,0,0,0
12919,Dylan Miller,5.26,U' R2 U R' U R' U' R U' R2 U' D R' U R D' U,1.0206223686850815,29.1%,17,11.11,17,11.11,125,8,0,0,0,0,0,5,2,0,0,2,0,2,1
12918,Dylan Miller,6.72,U U' R' U' R U D' R2 U R' U R U' R U' R2' U' D U',2.510271363846793,29.0%,19,9.74,19,9.74,125,10,0,0,0,0,0,5,2,0,0,2,0,3,0
12917,Dylan Miller,4.27,U R U R' F' R U R' U' R' F R2 U' R' U,-1.4266581233663025,19.7%,15,17.86,15,17.86,125,6,0,0,0,2,0,6,1,0,0,0,0,0,0
12916,Dylan Miller,5.46,U x R2' D2 R U R' D2 R U' R x' U',0.7723475361581292,26.7%,11,7.53,13,8.9,125,4,0,0,0,0,0,4,1,0,0,0,2,0,0
12915,Dylan Miller,5.42,M2' U' M U2' M' U' M2',-1.2493189572756223,16.4%,7,7.87,7,7.87,125,2,1,0,0,0,0,0,0,0,0,0,0,0,0
12913,Dylan Miller,4.67,U R U R' U' D R2 U' R U' R' U R' U R2 D' U2',0.8078153693762653,31.5%,17,11.56,17,11.56,125,7,1,0,0,0,0,5,2,0,0,2,0,2,1
12912,Dylan Miller,5.18,U2' R U R' U' D R2 U' R U' R' U R' U R2 D' U2',0.13392653823168157,24.7%,17,13.28,17,13.28,125,6,2,0,0,0,0,5,2,0,0,2,0,2,1
12911,Dylan Miller,5.41,U L' U' L F L' U' L U L F' L2' U L,0.34673353754049774,24.8%,14,10.45,14,10.45,125,5,0,6,1,2,0,0,0,0,0,0,0,0,0
12910,Dylan Miller,4.6,U' x R2' D2 R U R' D2 R U' R,-0.8591727918761264,21.7%,10,10.0,11,11.0,125,3,0,0,0,0,0,4,1,0,0,0,2,0,0
12891,Matty Hiroto Inaba,3.54,U' R2 U R' U R' U' R U' R2 D U' R' U R U' D' U',-0.2234871508453386,32.2%,18,15.79,18,15.79,72,9,0,0,0,0,0,5,2,0,0,2,0,3,1
12873,Seung Hyuk Nahm,7.89,x' R U' R D2 R' U R D2 R2',2.059972247522093,29.0%,9,3.93,10,4.37,13,2,0,0,0,0,0,4,1,0,0,0,2,0,0
12871,Seung Hyuk Nahm,5.49,U' R U U' U' R' U' R U R D R' U' R D' R' U2 R' U',1.0867034213249807,35.7%,19,9.69,19,9.69,13,8,1,0,0,0,0,8,0,0,0,2,0,0,0
12869,Ruihang Xu,5.42,x R2' F R F' R U2' r' U r U2',-0.18719469584226886,21.2%,10,8.7,11,9.57,42,1,2,0,0,2,0,2,1,0,0,0,0,0,0
12868,Ruihang Xu,5.3,U2' R U' R' U' R U R' U R' D' R U' R' D R2 U R' U,2.4335310459494885,34.5%,19,10.38,19,10.38,42,7,1,0,0,0,0,8,1,0,0,2,0,0,1
12867,Ruihang Xu,4.17,U' R U R' U' D R2 U' R U' R' U R' U R2 u',-0.22573478028038296,27.3%,16,14.04,16,14.04,42,7,0,0,0,0,0,5,2,0,0,1,0,1,1
12866,Ruihang Xu,4.13,M2' U M U2' M' U M2' U',-0.919456300166436,23.2%,8,8.33,8,8.33,42,3,1,0,0,0,0,0,0,0,0,0,0,0,0
12865,Ruihang Xu,4.84,U R U R' F' R U R' U' R' F R2 U' R',-0.9965364690426641,19.4%,14,14.89,14,14.89,42,5,0,0,0,2,0,6,1,0,0,0,0,0,0
12859,Dylan Miller,4.79,U' M2' U' M' U2' M U' M2' U',-0.18528396073154266,24.8%,9,7.56,9,7.56,125,4,1,0,0,0,0,0,0,0,0,0,0,0,0
12858,Dylan Miller,5.22,U R' U' F' R U R' U' R' F R2 U' R' U' R U R' U R U',-0.07888046107713459,23.4%,20,16.39,20,16.39,125,9,0,0,0,2,0,8,1,0,0,0,0,0,0
12856,Dylan Miller,4.3,M2' U' M' U2' M U' M2',-1.4621259565844384,19.3%,7,8.43,7,8.43,125,2,1,0,0,0,0,0,0,0,0,0,0,0,0
12855,Dylan Miller,5.98,U R' U2 R' D' R U' R' D R U R U' R' U' R U,0.13392653823168157,21.4%,17,13.28,17,13.28,125,6,1,0,0,0,0,8,0,0,0,2,0,0,0
12853,Dylan Miller,5.83,R U R2' F' R U R U' R' F R U' R' U',-1.0010441247486705,16.5%,14,14.58,14,14.58,125,5,0,0,0,2,0,6,1,0,0,0,0,0,0
12852,Dylan Miller,4.46,U' R2' U' R U' R U R' U R2 D' U R U' R' D,0.06299087179540952,28.3%,16,12.7,16,12.7,125,7,0,0,0,0,0,5,2,0,0,2,0,1,0
12851,Dylan Miller,5.17,U' R U R' F' R R' U' R U U' R' U R U R' U' R' F R2 U' R',0.9142188690306734,29.0%,22,14.67,22,14.67,125,9,0,0,0,2,0,10,1,0,0,0,0,0,0
12850,Dylan Miller,4.66,U x R' U R' D2 R U' R' D2 R2 x' U2,-0.2916874603859507,24.9%,11,9.48,13,11.21,125,3,1,0,0,0,0,4,1,0,0,0,2,0,1
12849,Dylan Miller,8.51,R U R' U R' U' R2 U' R' U R' U R U,-1.6394651226751182,9.2%,14,17.95,14,17.95,125,7,0,0,0,0,0,6,1,0,0,0,0,0,2
12847,Kyle Santucci,3.52,r' D' F r U' r' F' D r2 U r' U' r' F r F',-0.6440920670892797,33.8%,16,13.45,16,13.45,28,3,0,0,0,4,0,0,0,0,0,2,0,0,0
12846,Kyle Santucci,5.8,U' R U' R' U' R U R D R' U' D' D R D' R' U2 R',0.8587894227857069,26.4%,18,11.76,18,11.76,28,5,1,0,0,0,0,8,0,0,0,4,0,1,0
12843,Kyle Santucci,3.4,R U R' F' R U R' U' R' F R2 U' R' U2,-2.235378350486324,24.4%,14,16.87,14,16.87,28,4,1,0,0,2,0,6,1,0,0,0,0,0,0
12829,Leo Borromeo,6.73,U R U' U R' R2' F2 R U2 R U2' R' F R U R' U' R' F R2,1.0311947297061872,26.0%,20,11.43,20,11.43,18,5,2,0,0,2,1,8,2,0,0,0,0,0,0
12828,Leo Borromeo,6.16,M' U M2' U M2' U M' U2 M2',-0.11425579754107819,21.3%,9,6.87,9,6.87,18,3,1,0,0,0,0,0,0,0,0,0,0,0,0
12826,Leo Borromeo,5.62,U2' F R U' R' U' R U R' F' R U R' U' R' F R F' U,0.6407002317809832,28.5%,19,11.88,19,11.88,18,6,1,0,0,4,0,8,0,0,0,0,0,0,0
12825,Leo Borromeo,5.82,U2' R' U L' U2 R U' R' U2 R u,-1.1816074252033029,15.5%,11,12.22,11,12.22,18,2,3,1,0,0,0,4,0,0,0,0,0,0,0
12823,Leo Borromeo,5.06,U' L' U R' U2 L U' L' U2 L R,-0.3225195297678539,24.3%,11,8.94,11,8.94,18,3,2,4,0,0,0,2,0,0,0,0,0,0,1
12822,Leo Borromeo,4.94,U2' R' U R' U' R D' R' D R' U D' R2 U' R2' D R2 U',-0.21838766365446607,25.7%,18,14.17,18,14.17,18,5,1,0,0,0,0,5,3,0,0,4,0,1,1
12820,Leo Borromeo,5.58,l' U R' D2 R U' R' D2 R2 B2,0.7968980309510645,29.7%,10,6.02,10,6.02,18,2,0,0,0,0,0,3,1,0,1,0,2,0,0
12818,Leo Borromeo,7.82,U' U' R' U' R U D' R2 U R' U R U' R U' R2' D U' U',1.864249658613289,26.5%,19,9.18,19,9.18,18,10,0,0,0,0,0,5,2,0,0,2,0,2,0
12817,Leo Borromeo,5.94,U' R U R' F' R U R' U' R' F R2 U' R',-1.155574458674956,15.3%,14,15.38,14,15.38,18,5,0,0,0,2,0,6,1,0,0,0,0,0,0
12815,Leo Borromeo,5.77,R U' R' U' R U R' U R' D' R U' R' D R2 U R' U,-0.7911129272780988,18.2%,18,17.14,18,17.14,18,7,0,0,0,0,0,8,1,0,0,2,0,0,1
12814,Leo Borromeo,4.87,U2 R U R' U' D R2 U' R U' R' U R' U R2 D' U',0.9530958301211463,35.3%,17,9.88,17,9.88,18,7,1,0,0,0,0,5,2,0,0,2,0,2,1
12812,Leo Borromeo,5.53,M' U M2' U M2' U M' U2 M2',-0.37458546282454785,21.9%,9,7.44,9,7.44,18,3,1,0,0,0,0,0,0,0,0,0,0,0,0
12787,Seung Hyuk Nahm,6.01,x R2' D2 R U R' D2 R U' R x' U',0.6443085003262935,30.1%,10,5.52,12,6.63,13,3,0,0,0,0,0,4,1,0,0,0,2,0,0
12780,Ruihang Xu,4.11,U' U' R U R' D U' R2 U' R U' R' U R' U R2 U' D',1.4700289349966367,38.4%,18,11.39,18,11.39,42,9,0,0,0,0,0,5,2,0,0,2,0,2,1
12779,Dylan Miller,5.75,U2' R' U2 R' D' R U' R' D R U R U' R' U' R U,0.27579787110422566,23.0%,17,12.88,17,12.88,125,5,2,0,0,0,0,8,0,0,0,2,0,0,0
12778,Dylan Miller,5.5,U' R U R' F' R U R' U' R' F R2 U' R',-0.6108979593491742,19.5%,14,13.08,14,13.08,125,5,0,0,0,2,0,6,1,0,0,0,0,0,0
12776,Dylan Miller,4.95,M2' U' M' U2' M U' M2' U,-1.1429154576212142,18.6%,8,8.7,8,8.7,125,3,1,0,0,0,0,0,0,0,0,0,0,0,0
12775,Dylan Miller,6.01,U2 R U R' U' R' F R2 U' R' U' R U R' F' U,-0.2207517939496787,19.6%,16,13.56,16,13.56,125,6,1,0,0,2,0,6,1,0,0,0,0,0,0
12774,Dylan Miller,4.05,R U R' U' R' F R2 U' R' U' R U R' F',-0.5754301261310382,26.7%,14,12.96,14,12.96,125,5,0,0,0,2,0,6,1,0,0,0,0,0,0
12773,Dylan Miller,5.1,R' U L' U2 R U' R' U2 R r,-1.2138511240574863,17.6%,10,11.11,10,11.11,125,2,2,1,0,0,0,4,0,0,0,0,0,0,0
12770,Dylan Miller,5.13,R U R' U' R' F R2 U' R' U' R U R' F',0.20486220466795363,25.3%,14,10.77,14,10.77,125,5,0,0,0,2,0,6,1,0,0,0,0,0,0
12769,Dylan Miller,5.02,R' D' R U' R' D R U' R' D' R U2 R' D R,0.5240727036311771,27.7%,15,10.79,15,10.79,125,2,1,0,0,0,0,8,0,0,0,4,0,0,0
12768,Dylan Miller,4.94,U' M2' U' M' U2' M U' M2' U,-1.4266581233663025,17.0%,9,10.71,9,10.71,125,4,1,0,0,0,0,0,0,0,0,0,0,0,0
12767,Dylan Miller,6.0,U' R2 U' R2' D R2 U' R2' U R2 U D' R2' U',-0.9655762915305345,16.2%,14,14.43,14,14.43,125,6,0,0,0,0,0,0,6,0,0,2,0,1,0
12766,Dylan Miller,5.7,U2' R' U2 R' D' R U' R' D R U R U' R' U' R,0.09845870501354555,22.3%,16,12.6,16,12.6,125,4,2,0,0,0,0,8,0,0,0,2,0,0,0
12765,Dylan Miller,5.0,M2' U' M U2' M' U' M2' U',-0.3980909600403588,22.6%,8,7.08,8,7.08,125,3,1,0,0,0,0,0,0,0,0,0,0,0,0
12764,Dylan Miller,4.23,U R U R' U' R' F R2 U' R' U' R U R' F',-0.7527692922217183,24.3%,15,14.56,15,14.56,125,6,0,0,0,2,0,6,1,0,0,0,0,0,0
12763,Dylan Miller,4.84,F' U' F R2 u R' U R U' R u' R2' U2',0.34673353754049774,27.7%,13,9.7,13,9.7,125,3,1,0,0,2,0,3,2,0,0,0,0,0,0
12762,Dylan Miller,5.39,U' R U R' U' R' F R2 U' R' U' R U R' F',-0.6463657925673102,19.7%,15,14.15,15,14.15,125,6,0,0,0,2,0,6,1,0,0,0,0,0,0
12761,Dylan Miller,4.91,R' U' R' D' R U' R' D R U R' D' R U R' D R2,-0.3626231268222228,23.2%,17,14.91,17,14.91,125,4,0,0,0,0,0,8,1,0,0,4,0,0,0
12760,Dylan Miller,4.83,U R U R' U R' U' R2 U' R' U R' U R U,-1.3557224569300304,17.8%,15,17.44,15,17.44,125,8,0,0,0,0,0,6,1,0,0,0,0,0,2
12759,Dylan Miller,5.92,R2' U R U R' U' R3 U' R' U R',-1.1429154576212142,15.5%,11,11.96,11,11.96,125,5,0,0,0,0,0,5,1,0,0,0,0,0,1
12758,Dylan Miller,5.0,R U R' F' R U R' U' R' F R2 U' R',-1.3202546237118944,17.4%,13,14.94,13,14.94,125,4,0,0,0,2,0,6,1,0,0,0,0,0,0
12757,Dylan Miller,4.64,R' U2 R' D' R U' R' D R U R U' R' U' R,0.34673353754049774,28.9%,15,11.19,15,11.19,125,4,1,0,0,0,0,8,0,0,0,2,0,0,0
12755,Dylan Miller,4.65,U R U R' F' R U R' U' R' F R2 U' R' U,-0.9301084583123984,21.1%,15,15.31,15,15.31,125,6,0,0,0,2,0,6,1,0,0,0,0,0,0
12754,Dylan Miller,5.74,U2' x R' U R' D2 R U' R' D2 R2 x' U',1.1624937015576255,27.4%,11,7.01,13,8.28,125,3,1,0,0,0,0,4,1,0,0,0,2,0,1
12753,Dylan Miller,5.38,U R U' R' U' R U R' U R' D' R U' R' D R2 U R' U,0.24033003788608964,24.3%,19,14.5,19,14.5,125,8,0,0,0,0,0,8,1,0,0,2,0,0,1
12752,Dylan Miller,5.44,R2 U R' U R' U' R U' R2 D U' R' U R D' U,0.5950083700674491,25.9%,16,11.35,16,11.35,125,7,0,0,0,0,0,5,2,0,0,2,0,2,1
12751,Dylan Miller,7.08,U2' R' U R U' R' F' U' R R' F R U R' F R' F' R U' R,3.3260315278639214,30.8%,20,9.17,20,9.17,125,5,1,0,0,4,0,10,0,0,0,0,0,0,0
12750,Dylan Miller,5.2,U R U R' U R' U' R2 U' R' U R' U R U2',-0.7527692922217183,19.8%,15,14.56,15,14.56,125,7,1,0,0,0,0,6,1,0,0,0,0,0,2
12743,Yiheng Wang,3.4,U R U R' F' R U R' U' R' R R' F R2 U' R' U2,-0.038481351194502494,31.5%,17,15.89,17,15.89,202,5,1,0,0,2,0,8,1,0,0,0,0,0,0
12721,Max Park,4.96,U' R' U' F' R U R' U' R' F R2 U' R' U' R U R' U R U',-0.78867420072445,26.0%,20,15.5,20,15.5,9,9,0,0,0,2,0,8,1,0,0,0,0,0,0
12720,Max Park,5.26,R' U U R U' U' R' F R U R' U' R' F' R2 U',0.394337100362225,27.8%,16,10.96,16,10.96,9,7,0,0,0,2,0,6,1,0,0,0,0,0,0
12719,Max Park,4.5,R U R' F' R U R' U' R' F R2 U' R' U2,-1.4149743012997495,26.7%,14,11.67,14,11.67,9,4,1,0,0,2,0,6,1,0,0,0,0,0,0
12718,Max Park,5.84,u' R U R' U' D R2 U' R U' R' U R' U R2 U' U',0.4639260004261472,25.2%,17,11.56,17,11.56,9,8,0,0,0,0,0,5,2,0,0,1,0,1,1
12711,Timofei Tarasenko,4.93,R U R' F' R U R' U' R' F R2 U' R' U,-0.6554735253444613,22.5%,14,12.61,14,12.61,9,5,0,0,0,2,0,6,1,0,0,0,0,0,0
12710,Timofei Tarasenko,5.33,R U R' U' D R2 U' R U' R' U R' U R2 U' U' D',1.310947050688925,32.1%,17,9.94,17,9.94,9,8,0,0,0,0,0,5,2,0,0,2,0,2,1
12709,Timofei Tarasenko,5.33,U' R U R' F' R U2 R' U2' R' F R U R U2' R' U',1.2126260218872555,31.5%,17,10.12,17,10.12,9,4,3,0,0,2,0,8,0,0,0,0,0,0,0
12708,Timofei Tarasenko,5.1,U R' U' R U D' R2 U R' U R U' R U' R2' D U' U',0.8521155829478017,30.8%,18,11.46,18,11.46,9,9,0,0,0,0,0,5,2,0,0,2,0,2,0
12707,Timofei Tarasenko,5.62,U R' D2' R U' R' D2' R2 x' U',-1.2126260218872547,16.7%,9,9.57,10,10.64,9,3,0,0,0,0,0,3,1,0,0,0,2,0,0
12682,Yiheng Wang,3.99,U' x' R2 D2 R' U' R D2 R' U R' x U,0.5013264919506012,30.6%,11,9.02,13,10.66,202,4,0,0,0,0,0,4,1,0,0,0,2,0,1
12681,Yiheng Wang,5.62,U' D' R U R' U' D R2 U' R U' R' U R' U R2 U2',1.940814073670879,28.8%,17,10.49,17,10.49,202,7,1,0,0,0,0,5,2,0,0,2,0,2,1
12680,Yiheng Wang,3.89,x' R2 D2 R' U' R D2 R' U R',-0.21841729890953732,26.2%,9,8.82,10,9.8,202,2,0,0,0,0,0,4,1,0,0,0,2,0,1
12679,Yiheng Wang,4.73,R2' F2 R U2 R U2' R' F R U R' U' R' F R2 U',1.9768012632138852,34.5%,16,9.82,16,9.82,202,3,2,0,0,2,1,6,2,0,0,0,0,0,0
12677,Yiheng Wang,3.97,U D' R2 U R' U R' U' R U' R2 U' D R' U R U,2.480621916815983,44.6%,17,9.6,17,9.6,202,8,0,0,0,0,0,5,2,0,0,2,0,2,1
12676,Yiheng Wang,4.89,U' R U R' F' R U R' U' R' F R2 U' R',-0.5782891943396066,18.8%,14,15.22,14,15.22,202,5,0,0,0,2,0,6,1,0,0,0,0,0,0
12675,Yiheng Wang,4.51,U2 x R2' D2 R U R' D2 R U' R x' U,0.4653393024075942,26.8%,11,9.09,13,10.74,202,3,1,0,0,0,0,4,1,0,0,0,2,0,0
12674,Yiheng Wang,4.06,U' R' U2' R U2' R' F R U R' U' R' F' R2 U',-0.07446854073750946,26.1%,15,14.15,15,14.15,202,4,2,0,0,2,0,6,1,0,0,0,0,0,0
12673,Yiheng Wang,3.83,R' U' F' R U R' U' R' F R2 U' R' U' R U R' U R,-0.07446854073750946,27.7%,18,16.98,18,16.98,202,7,0,0,0,2,0,8,1,0,0,0,0,0,0
12672,Yiheng Wang,3.87,F R U' R' U' R U R' F' R U R' U' R' F R F' U2,0.21342897560654547,29.5%,18,15.79,18,15.79,202,5,1,0,0,4,0,8,0,0,0,0,0,0,0
12670,Yiheng Wang,4.44,U R U' R' U' R U R D R' U' R D' R' U2 R' U',-0.506314815253593,21.2%,17,18.09,17,18.09,202,6,1,0,0,0,0,8,0,0,0,2,0,0,0
12637,Yiheng Wang,3.64,U' x' R U' R D2 R' U R D2 R2',0.4653393024075942,33.2%,10,8.26,11,9.09,202,3,0,0,0,0,0,4,1,0,0,0,2,0,0
12636,Matty Hiroto Inaba,3.64,M2' U M2' U2 M2' U M2',-1.0250720608883979,23.9%,7,8.05,7,8.05,72,2,1,0,0,0,0,0,0,0,0,0,0,0,0
12635,Yiheng Wang,3.76,R' U2' R U2' R' F R U R' U' R' F' R2 U2',0.7532368187516499,34.3%,14,10.85,14,10.85,202,2,3,0,0,2,0,6,1,0,0,0,0,0,0
12633,Yufang Du,3.94,U' U2' R U R' F' R U R' U' R' F R2 U' R' U,0.4687835417953745,36.5%,16,11.11,16,11.11,13,6,1,0,0,2,0,6,1,0,0,0,0,0,0
12631,Matty Hiroto Inaba,3.52,U R U R' U' R' F R2 U' R' U F' L' U L,-0.9656954008852081,25.3%,15,16.85,15,16.85,72,6,0,2,0,2,0,4,1,0,0,0,0,0,0
12629,Yiheng Wang,3.54,U' D' R2 U R' U R' U' R U' R2 U' D R' U R,-0.25440448845254426,28.5%,16,15.84,16,15.84,202,7,0,0,0,0,0,5,2,0,0,2,0,2,1
12627,Yiheng Wang,3.93,U2' R U R' U' R' F R2 U' R' U' R U R' F',-1.2620457956567386,18.6%,15,20.55,15,20.55,202,5,1,0,0,2,0,6,1,0,0,0,0,0,0
12626,Yiheng Wang,3.94,U R' U' R U D' R2 U R' U R U' R U' R2' D U,-0.506314815253593,23.9%,17,18.09,17,18.09,202,8,0,0,0,0,0,5,2,0,0,2,0,2,0
12624,Yiheng Wang,3.78,U R U' R' U' R U R D R' U' R D' R' U2 R' U',-0.9741482793126828,21.4%,17,20.99,17,20.99,202,6,1,0,0,0,0,8,0,0,0,2,0,0,0
12620,Yiheng Wang,3.78,U R2' F2 R U2 R U2' R' F R U R' U' R' F R2 U,0.717249629208643,33.9%,17,13.28,17,13.28,202,4,2,0,0,2,1,6,2,0,0,0,0,0,0
12575,Luke Garrett,4.26,U R' U' F' R U R' U' R' F R2 U' R' U' R U R' U R U2',-0.6006420475231502,26.5%,20,17.7,20,17.7,62,8,1,0,0,2,0,8,1,0,0,0,0,0,0
12563,Yiheng Wang,3.23,x R' D2 R U R' D2 R U' R x' U,-0.5423020047965996,28.8%,10,10.75,12,12.9,202,3,0,0,0,0,0,5,0,0,0,0,2,0,0
12561,Yiheng Wang,3.62,U' R U R' U R' U' R2 U' R' U R' U R U',-1.1900714165707247,20.7%,15,20.0,15,20.0,202,8,0,0,0,0,0,6,1,0,0,0,0,0,2
12560,Yiheng Wang,3.77,U2 R U R' F' R U R' U' R' F R2 U' R' U2,-1.0101354688556898,21.2%,15,18.75,15,18.75,202,4,2,0,0,2,0,6,1,0,0,0,0,0,0
12559,Yiheng Wang,3.78,U' R U R' F' R U R' U' R' R R' F R2 U' R' U2,0.10546740697752537,29.4%,17,15.32,17,15.32,202,5,1,0,0,2,0,8,1,0,0,0,0,0,0
12558,Yiheng Wang,3.08,x R' U R' D2 R U' R' D2 R2,-1.1900714165707247,24.4%,9,12.0,10,13.33,202,2,0,0,0,0,0,4,1,0,0,0,2,0,1
12550,Yiheng Wang,4.2,R U R' F' R U R' U' R' F R2 U' R' U2 R U' R' U,-0.9021739002266692,19.8%,18,21.69,18,21.69,202,6,1,0,0,2,0,8,1,0,0,0,0,0,0
12549,Yiheng Wang,3.65,U2 L' U' L F L' U' L U L F' L2' U L,-0.8301995211406553,23.3%,14,16.47,14,16.47,202,4,1,6,1,2,0,0,0,0,0,0,0,0,0
12548,Ruihang Xu,3.35,U' R U R' U' R' F R2 U' R' U' R U R' F',-0.95799638460455,28.4%,15,15.79,15,15.79,42,6,0,0,0,2,0,6,1,0,0,0,0,0,0
12547,Ruihang Xu,4.5,U F R U' R' U' R U R' F' R U R' U' R' F R F' U,-0.3798951180328385,24.4%,19,17.27,19,17.27,42,7,0,0,0,4,0,8,0,0,0,0,0,0,0
12543,Ruihang Xu,5.1,U U' F' U' F R2 u R' U R U' R u' R2',0.506526824043785,26.1%,14,10.53,14,10.53,42,5,0,0,0,2,0,3,2,0,0,0,0,0,0
12542,Ruihang Xu,4.48,U' R U R' U' R' F R2 U' R' U' R U R' F',0.5836069929200132,30.1%,15,11.11,15,11.11,42,6,0,0,0,2,0,6,1,0,0,0,0,0,0
12541,Ruihang Xu,4.75,U2' R2' U R U R' U' R3 U' R' U R',0.3138264018532145,26.9%,12,9.38,12,9.38,42,5,1,0,0,0,0,5,1,0,0,0,0,0,1
12540,Ruihang Xu,6.33,U2' R R' r U r' U' r' F r2 U' r' U' r U r' F',1.1617082594917238,23.7%,17,11.33,17,11.33,42,5,1,0,0,2,0,2,0,0,0,0,0,0,0
12539,Ruihang Xu,4.12,R U R' U R' U' R2 U' R' U R' U R,-1.459017482300033,19.9%,13,15.85,13,15.85,42,6,0,0,0,0,0,6,1,0,0,0,0,0,2
12537,Luke Garrett,3.66,U x R2' D2 R U R' D2 R U' R,-0.938571330158679,28.1%,10,9.71,11,10.68,62,3,0,0,0,0,0,4,1,0,0,0,2,0,0
12534,Luke Garrett,4.23,x R2' D2 R U R' D2 R U' R x' U',-0.938571330158679,24.3%,10,9.71,12,11.65,62,3,0,0,0,0,0,4,1,0,0,0,2,0,0
12533,Luke Garrett,4.31,U' R2 U R' U R' U' R U' R2 U' D R' U R D' U',-0.5668491192595974,26.5%,17,14.91,17,14.91,62,8,0,0,0,0,0,5,2,0,0,2,0,2,1
12531,Luke Garrett,6.15,U' R U' R' U' R U R D R' U' R D' R' U2 R' U',-0.938571330158679,16.7%,17,16.5,17,16.5,62,6,1,0,0,0,0,8,0,0,0,2,0,0,0
12486,Luke Garrett,4.58,U2 R U R' U' R' F R2 U' R' U F' L' U L,0.3455599438563316,30.8%,15,10.64,15,10.64,62,5,1,2,0,2,0,4,1,0,0,0,0,0,0
12485,Luke Garrett,4.4,R' U' F' R U R' U' R' F R2 U' R' U' R U R' U R U',-0.5330561909960444,26.1%,19,16.52,19,16.52,62,8,0,0,0,2,0,8,1,0,0,0,0,0,0
12479,Matty Hiroto Inaba,3.35,U' R U R' U R' U' R2 U' R' U R' U R U2',-0.995383730886803,26.3%,15,17.05,15,17.05,72,7,1,0,0,0,0,6,1,0,0,0,0,0,2
12478,Matty Hiroto Inaba,4.16,R' U2' R U2' R' F R U R' U' R' F' R2 U,0.3702794491865578,32.2%,14,10.45,14,10.45,72,3,2,0,0,2,0,6,1,0,0,0,0,0,0
12477,Matty Hiroto Inaba,4.11,U' R U R' U R' U' R2 U' R' U R' U R,-1.440708680910725,17.8%,14,19.18,14,19.18,72,7,0,0,0,0,0,6,1,0,0,0,0,0,2
12475,Matty Hiroto Inaba,4.32,U L' U' L F L' U' L U L F' L2' U L,-0.7281887608724499,22.5%,14,14.43,14,14.43,72,5,0,6,1,2,0,0,0,0,0,0,0,0,0
12464,Yiheng Wang,4.05,U D' R2 U R' U R' U' R U' R2 U' D R' U R,-0.5782891943396066,22.7%,16,17.39,16,17.39,202,7,0,0,0,0,0,5,2,0,0,2,0,2,1
12434,Luke Garrett,5.06,U x R' U R' D2 R U' R' D2 y F2 R2,1.4269336482900252,34.2%,11,6.36,13,7.51,62,3,0,0,0,0,1,4,1,0,0,0,2,0,1
12432,Luke Garrett,5.47,U' R' U' F' R U R' U' R' F R2 U' R' U' R U R' U R,0.8862467960731788,28.7%,19,12.1,19,12.1,62,8,0,0,0,2,0,8,1,0,0,0,0,0,0
12431,Luke Garrett,5.06,R' U R' U' R3 U' R' U R U R2',-1.9185662498017138,14.6%,11,14.86,11,14.86,62,5,0,0,0,0,0,5,1,0,0,0,0,0,1
12430,Luke Garrett,4.83,U2 y x R' U R' D2 R U' R' D2 R2,1.1565902221816016,34.2%,10,6.06,12,7.27,62,2,1,0,0,0,0,4,1,0,0,0,2,0,1
12429,Luke Garrett,5.12,U' U' D' R U R' U' D R2 U' R U' R' U R' U R2 U,0.7848680112825199,30.1%,18,11.69,18,11.69,62,9,0,0,0,0,0,5,2,0,0,2,0,2,1
12428,Luke Garrett,6.55,M2' U M2' U2 M2' U M2',-0.6006420475231502,17.3%,7,6.19,7,6.19,62,2,1,0,0,0,0,0,0,0,0,0,0,0,0
12427,Luke Garrett,5.09,U' F R U' R' U' R U R' F' R U R' U' R' F R F' U2',0.04142358948435578,25.9%,19,14.39,19,14.39,62,6,1,0,0,4,0,8,0,0,0,0,0,0,0
12426,Luke Garrett,5.05,U M2' U' M U2 M' U' M2' U2,-1.3778793975848669,17.8%,9,10.0,9,10.0,62,3,2,0,0,0,0,0,0,0,0,0,0,0,0
12425,Luke Garrett,4.14,M2' U' M U2 M' U' M2' U2,1.0552114373909436,39.1%,8,4.94,8,4.94,62,2,2,0,0,0,0,0,0,0,0,0,0,0,0
12424,Luke Garrett,5.54,M2' U M2' U M' U2 M2' U2 M' U',-0.05995519530630306,23.3%,10,7.75,10,7.75,62,3,2,0,0,0,0,0,0,0,0,0,0,0,0
12423,Luke Garrett,4.64,U x R2' D2 R U R' D2 R U' R x' U',-1.344086469321314,19.6%,11,12.09,13,14.29,62,4,0,0,0,0,0,4,1,0,0,0,2,0,0
12422,Luke Garrett,5.85,U' R' U' F' R U R' U' R' F R2 U' R' U' R U R' U R U',0.07521651774790873,22.7%,20,15.04,20,15.04,62,9,0,0,0,2,0,8,1,0,0,0,0,0,0
12421,Luke Garrett,4.88,U R U R' F' R U R' U' R' F R2 U' R' U',-1.0399501149493378,20.5%,15,15.0,15,15.0,62,6,0,0,0,2,0,6,1,0,0,0,0,0,0
12420,Luke Garrett,5.31,R' U' F' R U R' U' R' F R2 U' R' U' R U R' U R U,0.2779740873292257,26.2%,19,13.67,19,13.67,62,8,0,0,0,2,0,8,1,0,0,0,0,0,0
12419,Luke Garrett,5.54,U' R' U R' U' R3 U' R' U R U R2' U,0.10900944601146169,24.2%,13,9.7,13,9.7,62,7,0,0,0,0,0,5,1,0,0,0,0,0,1
12418,Luke Garrett,5.51,M2' U M2' U2 M2' U M2',-1.0737430432128907,18.0%,7,7.07,7,7.07,62,2,1,0,0,0,0,0,0,0,0,0,0,0,0
12417,Luke Garrett,5.33,L' U' L F L' U' L U L F' L2' U L U,-0.026162267042750112,24.4%,14,10.77,14,10.77,62,5,0,6,1,2,0,0,0,0,0,0,0,0,0
12416,Luke Garrett,5.35,U' U' F R U' R' U' R U R' F' R U R' U' R' F R F' U,2.2379639266152953,36.8%,20,10.15,20,10.15,62,8,0,0,0,4,0,8,0,0,0,0,0,0,0
12415,Luke Garrett,4.83,U R2' F' R U R U' R' F R U' R' U',-0.3640915496782796,24.8%,13,10.83,13,10.83,62,5,0,0,0,2,0,5,1,0,0,0,0,0,0
12414,Luke Garrett,5.35,M2' U M2' U M' U2 M2' U2 M' U,0.751075083018967,28.6%,10,6.54,10,6.54,62,3,2,0,0,0,0,0,0,0,0,0,0,0,0
12388,Matty Hiroto Inaba,3.44,U' U' R' U R' U' R D' R' D R' U D' R2 U' R2' D R2 U,-0.13442216084055414,34.0%,19,16.24,19,16.24,72,7,0,0,0,0,0,5,3,0,0,4,0,1,1
12387,Luke Garrett,3.49,U R U R' F' R U R' U' R' F R2 U' R' U',-0.972364258422232,29.2%,15,14.71,15,14.71,62,6,0,0,0,2,0,6,1,0,0,0,0,0,0
12380,Luke Garrett,4.9,U2 R U R' F' R U R' U' R' F R2 U' R' U2',-0.7020208323138083,22.4%,15,13.64,15,13.64,62,4,2,0,0,2,0,6,1,0,0,0,0,0,0
12379,Luke Garrett,4.78,U' R' U' R D' U R2 U R' U R U' R U' R2' D,0.007630661220802836,27.4%,16,12.21,16,12.21,62,7,0,0,0,0,0,5,2,0,0,2,0,1,0
12378,Luke Garrett,5.99,U' U' R' U2 R' D' R U' R' D R U R U' R' U' R,0.37935287211988455,23.7%,17,11.97,17,11.97,62,6,1,0,0,0,0,8,0,0,0,2,0,0,0
12377,Luke Garrett,4.51,U' R2 U R' U R' U' R U' R2 U' D R' U R D' U' U',0.6834892264918611,33.5%,18,11.92,18,11.92,62,9,0,0,0,0,0,5,2,0,0,2,0,2,1
12376,Luke Garrett,4.42,U R U' R' U' R U R D R' U' D' D R D' R' U2 R',1.0552114373909436,36.7%,18,11.11,18,11.11,62,5,1,0,0,0,0,8,0,0,0,4,0,1,0
12375,Dylan Miller,4.08,R U R' F' R U R' U' R' F R2 U' R2',-0.6818336257854463,25.7%,13,12.38,13,12.38,125,4,0,0,0,2,0,5,2,0,0,0,0,0,0
12340,Yiheng Wang,3.59,R U' R U R' D R D' R U' D R2' U R2 D' R2' U',-0.07446854073750946,29.5%,17,16.04,17,16.04,202,5,0,0,0,0,0,5,3,0,0,4,0,1,0
12334,Ruihang Xu,5.52,F R U' R' U' R U R' F' R U R' U' R' F R F',-1.1892368912332343,16.1%,17,19.1,17,19.1,42,5,0,0,0,4,0,8,0,0,0,0,0,0,0
12333,Ruihang Xu,4.87,U' U R' U' R U' R U R U' R' U R U R2' U' R',0.3909065707294427,26.7%,17,13.08,17,13.08,42,9,0,0,0,0,0,7,1,0,0,0,0,0,0
12332,Ruihang Xu,5.42,F R U' R' U' R U R' F' R U R' U' R' F R F' U,-0.6882157935377513,18.8%,18,17.65,18,17.65,42,6,0,0,0,4,0,8,0,0,0,0,0,0,0
12331,Ruihang Xu,4.56,R U' R U R U R U' R' U' R2 U' U',-0.5340554557852949,23.2%,13,12.26,13,12.26,42,7,0,0,0,0,0,5,1,0,0,0,0,0,0
12330,Ruihang Xu,4.68,U R' U' R U' R U R U' R' U R U R2' U' R' U,0.19820614853887217,26.7%,17,13.6,17,13.6,42,9,0,0,0,0,0,7,1,0,0,0,0,0,0
12329,Yiheng Wang,4.07,U' R2' U R U R' U' R3 U' R' U R' U2',-1.0101354688556898,19.7%,13,16.25,13,16.25,202,6,1,0,0,0,0,5,1,0,0,0,0,0,1
12328,Yiheng Wang,3.92,U R' U2' R U2' R' F R U R' U' R' F' R2,-0.6862507629686275,22.7%,14,15.73,14,15.73,202,3,2,0,0,2,0,6,1,0,0,0,0,0,0
12327,Yiheng Wang,5.47,U' x' R U' R' D R U R' D' R U R' D R U' R' D',1.2930446618967537,26.3%,17,11.81,18,12.5,202,5,0,0,0,0,0,8,0,0,0,4,0,0,0
12326,Yiheng Wang,4.1,U' R2' U R U R' U' R3 U' R' U R' U',-0.038481351194502494,26.1%,13,12.15,13,12.15,202,7,0,0,0,0,0,5,1,0,0,0,0,0,1
12325,Yiheng Wang,4.17,R2' U R U R' U' R3 U' R' U R' U,0.32139054423556634,28.1%,12,10.26,12,10.26,202,6,0,0,0,0,0,5,1,0,0,0,0,0,1
12324,Yiheng Wang,3.64,U2 R U' R U R' D R D' R U' D R2' U R2 D' R2' U,-0.038481351194502494,29.4%,18,16.82,18,16.82,202,5,1,0,0,0,0,5,3,0,0,4,0,1,0
12321,Matty Hiroto Inaba,2.85,R U R' U R' U' R2 U' R' U R' U R,-1.7375919809266729,22.1%,13,20.63,13,20.63,72,6,0,0,0,0,0,6,1,0,0,0,0,0,2
12300,Matty Hiroto Inaba,3.66,U2 x R' U R' D2 R U' R' D2 R2,-1.0547603908899925,23.5%,10,11.63,11,12.79,72,2,1,0,0,0,0,4,1,0,0,0,2,0,1
12291,Yiheng Wang,3.44,U R U R' U R' U' R2 U' R' U R' U R,-0.9741482793126828,23.5%,14,17.28,14,17.28,202,7,0,0,0,0,0,6,1,0,0,0,0,0,2
12290,Yiheng Wang,4.99,U R' U2' R U2' R' F R U R' U' R' F' R2 U',2.300685969100948,34.5%,15,8.72,15,8.72,202,4,2,0,0,2,0,6,1,0,0,0,0,0,0
12289,Yiheng Wang,4.51,U R U R' U R' U' R2 U' R' U R' U R U',-1.3340201747427525,15.7%,15,21.13,15,21.13,202,8,0,0,0,0,0,6,1,0,0,0,0,0,2
12288,Yiheng Wang,3.91,U' R2' U R U R' U' R3 U' R' U R' U2',-0.9741482793126828,20.7%,13,16.05,13,16.05,202,6,1,0,0,0,0,5,1,0,0,0,0,0,1
12287,Yiheng Wang,3.35,x R' U R' D2 R U' R' D2 R2 x' U',-0.7222379525116345,26.3%,10,11.36,12,13.64,202,3,0,0,0,0,0,4,1,0,0,0,2,0,1
12286,Yiheng Wang,3.71,U M' U M2' U M2' U M' U2 M2' U',0.8252111978376638,35.3%,11,8.4,11,8.4,202,5,1,0,0,0,0,0,0,0,0,0,0,0,0
12285,Yufang Du,3.46,R U R' U R' U' R2 U' R' U R' U R U2',-1.0982928693491634,28.6%,14,14.14,14,14.14,13,6,1,0,0,0,0,6,1,0,0,0,0,0,2
12284,Matty Hiroto Inaba,6.75,R U' R' U' R U R D R' U' R D' R' U2 R' U',0.39996777918815263,20.0%,16,11.85,16,11.85,72,5,1,0,0,0,0,8,0,0,0,2,0,0,0
12283,Matty Hiroto Inaba,4.64,U' R2' U R U R' U' R3 U' R' U R',1.1718643592296174,34.7%,12,7.45,12,7.45,72,6,0,0,0,0,0,5,1,0,0,0,0,0,1
12282,Matty Hiroto Inaba,4.56,x R' U R' D2 R U' R' D2 R2 x' U2,-0.550058780862881,22.6%,10,9.71,12,11.65,72,2,1,0,0,0,0,4,1,0,0,0,2,0,1
12281,Matty Hiroto Inaba,4.92,U2 R' U2' R U2' R' F R U R' U' R' F' R2 U2',-0.19379882084374378,23.4%,15,13.04,15,13.04,72,2,4,0,0,2,0,6,1,0,0,0,0,0,0
12280,Matty Hiroto Inaba,4.61,U L' U' L F L' U' L U L F' L2' U L,-0.3125521408501224,24.1%,14,12.61,14,12.61,72,5,0,6,1,2,0,0,0,0,0,0,0,0,0
12279,Yiheng Wang,3.75,U R U R' U' R' F R2 U' R' U' R U R' F' U,0.14145459652053233,29.9%,16,14.29,16,14.29,202,7,0,0,0,2,0,6,1,0,0,0,0,0,0
12278,Yiheng Wang,4.86,U U D' R2 U R' U R' U' R U' R2 D U' R' U R U2',-0.07446854073750946,21.8%,18,16.98,18,16.98,202,8,1,0,0,0,0,5,2,0,0,2,0,2,1
12277,Yiheng Wang,4.15,U' R U R' U R' U' R2 U' R' U R' U R U',-1.2980329851997454,17.3%,15,20.83,15,20.83,202,8,0,0,0,0,0,6,1,0,0,0,0,0,2
12276,Yiheng Wang,3.68,U' R U R' U R' U' R2 U' R' U R' U R U,-1.1900714165707247,20.4%,15,20.0,15,20.0,202,8,0,0,0,0,0,6,1,0,0,0,0,0,2
12275,Yiheng Wang,3.86,U R U' R' U' R U R D R' U' R D' R' U2 R' U,0.2854033546925594,30.1%,17,14.66,17,14.66,202,6,1,0,0,0,0,8,0,0,0,2,0,0,0
12274,Yiheng Wang,3.53,U2' R U R' F' R U R' U' R' F R2 U' R',-1.3700073642857593,19.8%,14,20.0,14,20.0,202,4,1,0,0,2,0,6,1,0,0,0,0,0,0
12273,Yiheng Wang,3.68,U2' R U R' U' R' F R2 U' R' U' R U R' F' U,-0.6142763838826135,24.7%,16,17.58,16,17.58,202,6,1,0,0,2,0,6,1,0,0,0,0,0,0
12272,Yiheng Wang,3.65,U2' R U R' U' R' F R2 U' R' U' R U R' F' U',-0.36236605708156516,26.8%,16,16.33,16,16.33,202,6,1,0,0,2,0,6,1,0,0,0,0,0,0
12264,Matty Hiroto Inaba,3.83,x U R' U R U R' F' R U R' U' R' F R2 U' R' U2 R U' R' U,-0.3422404708517172,28.7%,21,19.09,22,20.0,72,8,1,0,0,2,0,9,1,0,0,0,0,0,0
12263,Feliks Zemdegs,5.4,U R U R' F' R U R' U' R' F R2 U' R' U',-0.6562501386337872,24.1%,15,11.54,15,11.54,12,6,0,0,0,2,0,6,1,0,0,0,0,0,0
12262,Feliks Zemdegs,4.44,U R' U2' R U' U' R' F R U R' U' R' F' R2 U',1.3125002772675765,38.5%,16,9.36,16,9.36,12,6,1,0,0,2,0,6,1,0,0,0,0,0,0
12261,Feliks Zemdegs,5.92,x R2' D2 R U R' D2 R U' R x' U,0.5442074320377763,26.2%,10,6.45,12,7.74,12,3,0,0,0,0,0,4,1,0,0,0,2,0,0
12260,Feliks Zemdegs,5.64,R U R' U' R' F R2 U' R' U F' L' U L,-1.3285063782098634,20.6%,14,12.07,14,12.07,12,5,0,2,0,2,0,4,1,0,0,0,0,0,0
12256,Feliks Zemdegs,6.27,R' U' R U D' R2 U R' U R U' R U' R2' U' D U',0.4961891292109137,24.6%,17,11.04,17,11.04,12,8,0,0,0,0,0,5,2,0,0,2,0,3,0
12254,Feliks Zemdegs,4.97,x x' R U' R D2 R' U R D2 R2',0.4961891292109137,31.0%,9,5.84,11,7.14,12,2,0,0,0,0,0,4,1,0,0,0,2,0,0
12240,Dylan Miller,5.47,R2 R' U' R R' U R U' R2' D R2 U' R2' U R2 U D' R2',1.410768534084577,30.0%,18,10.98,18,10.98,125,6,0,0,0,0,0,4,6,0,0,2,0,1,0
12239,Dylan Miller,4.49,U R' U' R U' R U R U' R' U R U R2' U' R',2.1910608648835694,41.4%,16,8.6,16,8.6,125,8,0,0,0,0,0,7,1,0,0,0,0,0,0
12238,Dylan Miller,4.36,R U' R U R U R U' R' U' R2 U,-1.0010441247486705,22.0%,12,12.5,12,12.5,125,6,0,0,0,0,0,5,1,0,0,0,0,0,0
12237,Dylan Miller,4.53,R' U' R3 U' R' U R U R2' U2',-1.568529456238846,17.7%,10,12.5,10,12.5,125,4,1,0,0,0,0,4,1,0,0,0,0,0,0
12226,Teodor Zajder,4.63,U2' F R U' R' U' R U R' F' R U R' U' R' F R F' U2,1.6091406699149366,39.5%,19,10.38,19,10.38,16,5,2,0,0,4,0,8,0,0,0,0,0,0,0
12224,Teodor Zajder,4.74,r' D' F r U' r' F' D r2 U r' U' r' F r F' U',-0.09561956442618508,30.4%,17,11.81,17,11.81,16,4,0,0,0,4,0,0,0,0,0,2,0,0,0
12204,Yiheng Wang,3.64,U2' R2' U R U R' U' R3 U' R' U R',-0.506314815253593,25.8%,12,12.77,12,12.77,202,5,1,0,0,0,0,5,1,0,0,0,0,0,1
12202,Matty Hiroto Inaba,3.64,U L' U2 R U' M' B r' U2 R U' r,-0.7281887608724499,26.6%,12,12.37,12,12.37,72,3,2,1,0,0,0,2,0,1,0,0,0,0,0
12195,Dylan Miller,4.66,U2' R2 U R' U R' U' R U' R2 U' D R' U R D' U,0.6659440365037211,30.7%,17,11.89,17,11.89,125,7,1,0,0,0,0,5,2,0,0,2,0,2,1
12194,Dylan Miller,4.96,R' U R' U' R3 U' R' U R U R2' U2,-1.3557224569300304,17.3%,12,13.95,12,13.95,125,5,1,0,0,0,0,5,1,0,0,0,0,0,1
12193,Dylan Miller,4.18,U' F' U' F R2 u R' U R U' R u' R2' U',0.38220137075863375,32.3%,14,10.37,14,10.37,125,5,0,0,0,2,0,3,2,0,0,0,0,0,0
12192,Dylan Miller,4.37,U R U' R2' D' R U R' D R U' R U' R' U R U R' U',0.20486220466795363,29.7%,19,14.62,19,14.62,125,8,0,0,0,0,0,8,1,0,0,2,0,0,0
12191,Dylan Miller,4.59,R U' R' U' R U R' U R' D' R U' R' D R2 U R' U',-0.07888046107713459,26.6%,18,14.75,18,14.75,125,7,0,0,0,0,0,8,1,0,0,2,0,0,1
12189,Matty Hiroto Inaba,4.29,U2 R U R' U' R' F R2 U' R' U F' L' U L,-0.2828638108485276,26.1%,15,13.39,15,13.39,72,5,1,2,0,2,0,4,1,0,0,0,0,0,0
12188,Matty Hiroto Inaba,4.83,U' R' U R' U' R D' R' D R' U D' R2 U' R2' D R2 U',-0.40161713085490686,22.4%,18,16.67,18,16.67,72,6,0,0,0,0,0,5,3,0,0,4,0,1,1
12187,Matty Hiroto Inaba,5.42,U' R U' R' U' R U R D R' U' R D' R' U2 R',-0.37192880085331204,20.1%,16,14.68,16,14.68,72,5,1,0,0,0,0,8,0,0,0,2,0,0,0
12186,Matty Hiroto Inaba,4.96,U' M2' U M2' U M' U2 M2' U2 M',-0.40161713085490686,21.8%,10,9.26,10,9.26,72,3,2,0,0,0,0,0,0,0,0,0,0,0,0
12184,Matty Hiroto Inaba,4.77,U' R2 U R' U R' U' R U' R R U' D R' U R U' D',0.6077860891993158,29.8%,18,12.68,18,12.68,72,8,0,0,0,0,0,7,1,0,0,2,0,2,1
12183,Matty Hiroto Inaba,4.56,U R' U' F' R U R' U' R' F R2 U' R' U' R U R' U R U',0.42965610918974745,29.8%,20,14.71,20,14.71,72,9,0,0,0,2,0,8,1,0,0,0,0,0,0
12182,Matty Hiroto Inaba,4.97,U' R2' F2 R U2 R U2' R' F R U R' U' R' F R2 U2',-0.07504550083736448,23.9%,17,14.29,17,14.29,72,3,3,0,0,2,1,6,2,0,0,0,0,0,0
12181,Matty Hiroto Inaba,4.58,U2 R2 U R' U R' U' R U' R2 U' D R' U R D' U,-0.3125521408501224,24.2%,17,15.32,17,15.32,72,7,1,0,0,0,0,5,2,0,0,2,0,2,1
12180,Matty Hiroto Inaba,4.78,x' R U' R' D R U R' D' R U R' D R U' R' D',-0.550058780862881,21.5%,16,15.53,17,16.5,72,4,0,0,0,0,0,8,0,0,0,4,0,0,0
12179,Matty Hiroto Inaba,4.89,U2 R U' R' U' R U R D R' U' R D' R' U2 R',-0.6094354408660706,20.7%,16,15.84,16,15.84,72,4,2,0,0,0,0,8,0,0,0,2,0,0,0
12178,Matty Hiroto Inaba,4.56,U F R U' R' U' R U R' F' R U R' U' R' F R F' U2',0.13277280917379927,27.6%,19,15.08,19,15.08,72,6,1,0,0,4,0,8,0,0,0,0,0,0,0
12149,Yiheng Wang,4.4,R2' U R U R' U' R3 U' R' U R' U',-1.0101354688556898,18.2%,12,15.0,12,15.0,202,6,0,0,0,0,0,5,1,0,0,0,0,0,1
12148,Yiheng Wang,4.01,L' U' L F L' U' L U L F' L2' U L U2,-0.6142763838826135,22.7%,14,15.38,14,15.38,202,4,1,6,1,2,0,0,0,0,0,0,0,0,0
12147,Yiheng Wang,3.77,U' F' R U R' U' R' F R2 U' R' U' R U R' U R,-0.506314815253593,24.9%,17,18.09,17,18.09,202,7,0,0,0,2,0,7,1,0,0,0,0,0,0
12146,Yiheng Wang,4.25,U' U R U' R U R' D R D' R U'D R2' U R2 D' R2' U',0.9691599560096917,31.8%,19,14.07,19,14.07,202,7,0,0,0,0,0,5,3,0,0,4,0,0,0
12145,Yiheng Wang,4.06,x' R U' R' D R U R' D' R U R' D R U' R' D',-0.4343404361675791,23.6%,16,16.67,17,17.71,202,4,0,0,0,0,0,8,0,0,0,4,0,0,0
12112,Feliks Zemdegs,4.97,x R' U R' D2 R U' R' D2 R2 B',-1.8567077093053506,21.1%,10,9.52,11,10.48,12,2,0,0,0,0,0,4,1,1,0,0,2,0,1
12110,Feliks Zemdegs,6.09,U R' U' F' R U R' U' R' F R2 U' R' U' R U R' U R U,0.9763721574795384,26.9%,20,12.2,20,12.2,12,9,0,0,0,2,0,8,1,0,0,0,0,0,0
12085,Yufang Du,5.18,U' R2 U R' U R' U' R U' R2 D U' R' U R D' U,1.2000858669961587,31.9%,17,10.3,17,10.3,13,8,0,0,0,0,0,5,2,0,0,2,0,2,1
12083,Yufang Du,4.67,U2 x' R U' R' D R U R' D' R U R' D R U' R' D',0.5732553025383438,31.5%,17,11.56,18,12.24,13,4,1,0,0,0,0,8,0,0,0,4,0,0,0
12082,Yufang Du,4.41,U' R U R' F' R U R' U' R' F R2 U' R' U,-1.4813559920733836,20.0%,15,17.05,15,17.05,13,6,0,0,0,2,0,6,1,0,0,0,0,0,0
12064,Luke Garrett,6.63,U' R2' R U R' U' R D' R' D R' U D' R2 U' R2' D R2 U',1.663484146134896,27.1%,19,10.56,19,10.56,62,6,0,0,0,0,0,5,4,0,0,4,0,1,0
12063,Luke Garrett,5.33,U' R' R R U' R U R U R U' R' U' R2,2.204170998351742,36.8%,14,7.14,14,7.14,62,6,0,0,0,0,0,7,1,0,0,0,0,0,0
12062,Luke Garrett,4.83,U' R2 U R' U R' U' R U' R2 D U' R' U R D',0.24418115906567273,28.6%,16,11.59,16,11.59,62,7,0,0,0,0,0,5,2,0,0,2,0,1,1
12061,Luke Garrett,4.49,L' U' L F L' U' L U L F' L2' U L U,-0.39788447794183257,26.5%,14,11.76,14,11.76,62,5,0,6,1,2,0,0,0,0,0,0,0,0,0
12036,Yiheng Wang,3.35,U' R U' R' U' R U R D R' U' R D' R' U2 R' U2',0.24941616514955242,34.3%,17,14.78,17,14.78,202,5,2,0,0,0,0,8,0,0,0,2,0,0,0
12035,Yiheng Wang,3.62,R U R' U R U R' F' R U R' U' R' F R2 U' R' U2 R U' R',-0.47032762571058606,26.2%,21,22.11,21,22.11,202,7,1,0,0,2,0,10,1,0,0,0,0,0,0
12034,Yiheng Wang,4.25,U R U' R' U' R U R D R' U' R D' R' U2 R' U',-0.21841729890953732,24.0%,17,16.67,17,16.67,202,6,1,0,0,0,0,8,0,0,0,2,0,0,0
12033,Yiheng Wang,3.83,U2 R' U2' R U2' R' F R U R' U' R' F' R2 U2',-0.07446854073750946,27.7%,15,14.15,15,14.15,202,2,4,0,0,2,0,6,1,0,0,0,0,0,0
12032,Dylan Miller,7.04,R U R' U' D R2 U' R U' R' U R' U R2 D',0.5950083700674491,20.0%,15,10.64,15,10.64,125,6,0,0,0,0,0,5,2,0,0,2,0,1,1
12031,Dylan Miller,5.17,R' U2 R' D' R U' R' D R U R U' R' U' R U2',1.2688972012120336,30.9%,16,10.0,16,10.0,125,4,2,0,0,0,0,8,0,0,0,2,0,0,0
12030,Dylan Miller,5.36,U x R2' D2 R U R' D2 R U' R,-0.6463657925673102,19.8%,10,9.43,11,10.38,125,3,0,0,0,0,0,4,1,0,0,0,2,0,0
12029,Dylan Miller,5.09,F' U' F R2 u R' U R U' R u' R2',0.8787510358125373,29.3%,12,8.05,12,8.05,125,3,0,0,0,2,0,3,2,0,0,0,0,0,0
12028,Dylan Miller,4.81,U' F R U' R' U' R U R' F' R U R' U' R' F R F',0.5950083700674491,29.3%,18,12.77,18,12.77,125,6,0,0,0,4,0,8,0,0,0,0,0,0,0
12008,Yiheng Wang,4.31,U R U R' U R' U' R2' U' R' U R' U R,-1.3340201747427525,16.5%,14,19.72,14,19.72,202,7,0,0,0,0,0,6,1,0,0,0,0,0,2
12007,Yiheng Wang,3.39,R U R' F' R U R' U' R' F R2 U' R' U,-1.0461226583986967,23.3%,14,17.72,14,17.72,202,5,0,0,0,2,0,6,1,0,0,0,0,0,0
12005,Dylan Miller,5.61,U' R U R' U' R' F R2 U' R' U' R U R' F',-0.3626231268222228,20.3%,15,13.16,15,13.16,125,6,0,0,0,2,0,6,1,0,0,0,0,0,0
12003,Dylan Miller,6.47,R U R' F' R U R' U' R' F R2 U' R' U',-1.3202546237118944,13.4%,14,16.09,14,16.09,125,5,0,0,0,2,0,6,1,0,0,0,0,0,0
12002,Dylan Miller,5.46,U' R U R' U R U R' F' R U R' U' R' F R2 U' R' U2 R U' R' U2,2.1910608648835694,34.1%,23,12.37,23,12.37,125,8,2,0,0,2,0,10,1,0,0,0,0,0,0
12001,Dylan Miller,5.22,R' U R' d' R' F' R2 U' R' U R' F R F,0.027523038577273493,23.9%,14,11.2,14,11.2,125,3,0,0,0,3,0,6,1,0,0,0,0,0,2
12000,Timofei Tarasenko,5.41,M2' U M2' U M' U2' M2' U2' M',0.4260577914739008,26.6%,9,6.25,9,6.25,9,2,2,0,0,0,0,0,0,0,0,0,0,0,0
11998,Timofei Tarasenko,5.58,M2' U2' M2' U' M2' U2' M2' U',-0.5243788202755695,20.6%,8,6.96,8,6.96,9,2,2,0,0,0,0,0,0,0,0,0,0,0,0
11997,Timofei Tarasenko,4.28,U' R U R' F' R U R' U' R' F R2 U' R' U',-1.3109470506889238,21.3%,15,16.48,15,16.48,9,6,0,0,0,2,0,6,1,0,0,0,0,0,0
11996,Timofei Tarasenko,6.61,U R' U R' U' R3 U' R' U R U R2',-0.0983210288016687,19.4%,12,9.38,12,9.38,9,6,0,0,0,0,0,5,1,0,0,0,0,0,1
11995,Luke Garrett,6.27,R U R' U' R' F R2 R' U' R R' U R U' R' U' R U R' F' U',0.21038823080212052,21.9%,21,15.33,21,15.33,62,8,0,0,0,2,0,10,1,0,0,0,0,0,0
11994,Luke Garrett,6.04,U U' R' D' R U' R' D R U' R' D' R U2 R' D R,0.10900944601146169,22.2%,17,12.69,17,12.69,62,4,1,0,0,0,0,8,0,0,0,4,0,0,0
11993,Luke Garrett,5.83,R U R' R R' F' R U R' U' R' F R2 U' R',-0.26271276488762074,21.1%,15,12.2,15,12.2,62,4,0,0,0,2,0,8,1,0,0,0,0,0,0
11992,Luke Garrett,4.68,R U' R' U' R U R D R' U' R D' R' U2 R' U,0.6834892264918611,32.3%,16,10.6,16,10.6,62,5,1,0,0,0,0,8,0,0,0,2,0,0,0
11985,Max Park,5.81,U' R U' R' U' R U R D R' U' R D' R' U U R',-1.136618701044061,21.3%,17,13.71,17,13.71,9,7,0,0,0,0,0,8,0,0,0,2,0,0,0
11984,Max Park,6.05,U' U U R' U L' U U R U' R' U U R L U',1.0206372009375244,25.6%,16,10.32,16,10.32,9,10,0,2,0,0,0,4,0,0,0,0,0,0,0
11983,Max Park,5.9,U' R U R' U R' U' R R U' R' U R' U R,1.1598150010653687,26.6%,15,9.55,15,9.55,9,7,0,0,0,0,0,8,0,0,0,0,0,0,2
11982,Max Park,5.21,U x R2' D D R U R' D D R U' R x' U2,-0.6494964005966057,25.1%,13,9.92,15,11.45,9,3,1,0,0,0,0,4,1,0,0,4,0,0,0
11981,Max Park,6.07,U' x' R U' R' D R U R' D' R U R' D R U' R' D',0.9510483008736023,25.4%,17,11.04,18,11.69,9,5,0,0,0,0,0,8,0,0,0,4,0,0,0
11975,Seung Hyuk Nahm,6.6,U U' F R U' R' U' R U R' F' R U R' U' R' F R F' U,-0.3584533206040648,22.3%,20,13.61,20,13.61,13,8,0,0,0,4,0,8,0,0,0,0,0,0,0
11974,Seung Hyuk Nahm,7.89,U' R' U R' U' R3 U' R' U R U R2' U,-0.5059182942702941,18.0%,13,9.15,13,9.15,13,7,0,0,0,0,0,5,1,0,0,0,0,0,1
11973,Seung Hyuk Nahm,5.8,R U' R' U' R U R D R' U' R D' R' U2 R',-0.7713552468695062,22.9%,15,11.28,15,11.28,13,4,1,0,0,0,0,8,0,0,0,2,0,0,0
11971,Seung Hyuk Nahm,5.65,U R' U' R3 U' R' U R U R2' U',-0.41743931007055657,25.7%,11,7.59,11,7.59,13,6,0,0,0,0,0,4,1,0,0,0,0,0,0
11965,Teodor Zajder,5.07,R' U' R U D' R2 U R' U R U' R U' R2' D,-1.2758381882008076,23.1%,15,12.82,15,12.82,16,6,0,0,0,0,0,5,2,0,0,2,0,1,0
11964,Teodor Zajder,5.09,U R' U2 R' D' R U' R' D R U R U' R' U' R,1.128310860228979,33.8%,16,9.3,16,9.3,16,5,1,0,0,0,0,8,0,0,0,2,0,0,0
11963,Teodor Zajder,6.47,M2' U' M2' U2' M2' U' M' U' U M' U2',0.9097518558262709,25.8%,11,6.59,11,6.59,16,4,2,0,0,0,0,0,0,0,0,0,0,0,0
11962,Teodor Zajder,5.85,U R' U R' U' R3 U' R' U R U R2',-1.232126387320266,20.2%,12,10.17,12,10.17,16,6,0,0,0,0,0,5,1,0,0,0,0,0,1
11961,Teodor Zajder,5.57,U' D' R2 U R' U R' U' R U' R2 D U' R' U R,-1.1447027855591827,21.5%,16,13.33,16,13.33,16,7,0,0,0,0,0,5,2,0,0,2,0,2,1
11950,Matty Hiroto Inaba,8.37,U2 U R' U2' R U2' R' F R U R' U' R' F' R2 U2',2.3297092292918142,23.9%,16,8.0,16,8.0,72,3,4,0,0,2,0,6,1,0,0,0,0,0,0
11949,Matty Hiroto Inaba,5.35,M2' U' M2' U' M' U2 M2' U2 M',0.39996777918815263,25.2%,9,6.67,9,6.67,72,2,2,0,0,0,0,0,0,0,0,0,0,0,0
11948,Matty Hiroto Inaba,5.72,U R2' U R U R' U' R3 U' R' U R',1.1124876992264277,27.8%,12,7.55,12,7.55,72,6,0,0,0,0,0,5,1,0,0,0,0,0,1
11947,Matty Hiroto Inaba,5.34,U R U R' F' R U R' U' R' F R2 U' R' U,-0.2234871508453386,21.3%,15,13.16,15,13.16,72,6,0,0,0,2,0,6,1,0,0,0,0,0,0
11946,Matty Hiroto Inaba,5.11,U R' U' F' R U R' U' R' F R2 U' R' U' R R' R U R' U R U2',2.359397559293408,39.3%,22,10.95,22,10.95,72,8,1,0,0,2,0,10,1,0,0,0,0,0,0
11935,Yiheng Wang,4.43,U R U' R' U' R U R D R' U' R D' R' U2 R' U,1.2570574723537467,32.3%,17,11.89,17,11.89,202,6,1,0,0,0,0,8,0,0,0,2,0,0,0
11934,Yiheng Wang,3.94,U' x' R U' R' D R U R' D' R U R' D R U' R' D',0.4653393024075942,30.7%,17,14.05,18,14.88,202,5,0,0,0,0,0,8,0,0,0,4,0,0,0
11933,Yiheng Wang,4.31,U' R' U R U' R' F' U' F R U R' U' R U' f R f',0.35737773377857335,27.4%,18,15.25,18,15.25,202,7,0,0,0,2,0,7,0,0,0,0,0,0,0
11932,Yiheng Wang,3.8,x' R2 D2 R' U' R D2 R' U R',-0.39835324662457217,25.5%,9,9.28,10,10.31,202,2,0,0,0,0,0,4,1,0,0,0,2,0,1
11931,Yiheng Wang,5.45,U2 x' R2 D2 R' U' R D2 R' U R',-0.9381610897696763,15.0%,10,12.2,11,13.41,202,2,1,0,0,0,0,4,1,0,0,0,2,0,1
11925,Yiheng Wang,3.62,L' U' L F L' U' L U L F' L2' U L,-1.1900714165707247,20.7%,13,17.33,13,17.33,202,4,0,6,1,2,0,0,0,0,0,0,0,0,0
11907,Kyle Santucci,6.14,U' r' D' F r U' r' F' D r2 U r' U' r' F r F' U,1.2124085968739393,26.2%,18,11.18,18,11.18,28,5,0,0,0,4,0,0,0,0,0,2,0,0,0
11883,Ruihang Xu,4.23,U' R U R' F' R U R' U' R' F R2 U' R' U',-1.5360976511762607,18.9%,15,18.75,15,18.75,42,6,0,0,0,2,0,6,1,0,0,0,0,0,0
11881,Ruihang Xu,4.64,U R U R' U' D R2 U' R U' R' U R' U R2 D' U',0.04404581078641575,26.1%,17,14.05,17,14.05,42,8,0,0,0,0,0,5,2,0,0,2,0,2,1
11880,Ruihang Xu,5.92,U' R2' F2 R U2 R U2' R' F R U R' U' R' F R2,1.1231681750536098,25.2%,16,10.74,16,10.74,42,3,2,0,0,2,1,6,2,0,0,0,0,0,0
11879,Ruihang Xu,5.15,L' R' U2' R U R' U2' r f' U,-1.3433972289856906,16.5%,10,11.76,10,11.76,42,2,2,1,0,0,0,3,0,0,0,0,0,0,0
11862,Luke Garrett,4.39,U' R' U' F' R U R' U' R' F R2 U' R' U' R U R' U R U,-0.6344349757867025,25.5%,20,17.86,20,17.86,62,9,0,0,0,2,0,8,1,0,0,0,0,0,0
11857,Yiheng Wang,4.93,U R U' R' U' R U R D R' U' D' D R D' R' U2 R' U,1.5089677991547954,30.4%,19,12.67,19,12.67,202,6,1,0,0,0,0,8,0,0,0,4,0,1,0
11856,Yiheng Wang,3.81,R U R' U R' U' R2 U' R' U R' U R U',-1.2260586061137315,19.4%,14,18.92,14,18.92,202,7,0,0,0,0,0,6,1,0,0,0,0,0,2
11855,Yiheng Wang,3.7,U F R U' R' U' R U R' F' R U R' U' R' F R F',-0.5782891943396066,24.9%,18,19.57,18,19.57,202,6,0,0,0,4,0,8,0,0,0,0,0,0,0
11854,Yiheng Wang,3.74,U R' U' F' R U R' U' R' F R2 U' R' U' R U R' U R,-0.1464429198235234,27.8%,19,18.27,19,18.27,202,8,0,0,0,2,0,8,1,0,0,0,0,0,0
11853,Yiheng Wang,4.17,U x' R2 D2 R' U' R D2 R' U R' x U,0.0694802174345184,26.4%,11,10.0,13,11.82,202,4,0,0,0,0,0,4,1,0,0,0,2,0,1
11845,Teodor Zajder,5.21,x L2 D2' L' U' L D2' L' U L' x' U',0.6474810505430223,30.9%,10,6.21,12,7.45,16,3,0,4,1,0,0,0,0,0,0,0,2,0,0
11843,Teodor Zajder,5.97,U2' R U R' U' D R2 U' R U' R' U R' U R2 D' U,-0.7075847767537666,21.8%,17,13.08,17,13.08,16,7,1,0,0,0,0,5,2,0,0,2,0,2,1
11841,Yiheng Wang,4.15,D' U' R U R' U' D R2 U' R U' R' U R' U R2,-0.5782891943396066,22.2%,16,17.39,16,17.39,202,7,0,0,0,0,0,5,2,0,0,2,0,2,1
11840,Yiheng Wang,4.26,U R2' F2 R U2 R U2' R' F R U R' U' R' F R2,1.2570574723537467,33.6%,16,11.19,16,11.19,202,3,2,0,0,2,1,6,2,0,0,0,0,0,0
11839,Yiheng Wang,4.68,x' R2 D2 R' U' R D2 R' U R' F,-0.47032762571058606,20.3%,10,10.53,11,11.58,202,2,0,0,0,1,0,4,1,0,0,0,2,0,1
11838,Yiheng Wang,4.81,R2' U R U R' U' R3 U' R' U R' U2',-0.36236605708156516,20.4%,12,12.24,12,12.24,202,5,1,0,0,0,0,5,1,0,0,0,0,0,1
11837,Yiheng Wang,4.32,U x' R U' R' D R U R' D' R U R' D R U' R' D' F,1.6889037468698302,35.9%,18,11.61,19,12.26,202,5,0,0,0,1,0,8,0,0,0,4,0,0,0
11816,Dylan Miller,4.82,U R U R' U R' U' R2 U' R' U R' U R U,-0.7882371254398544,21.2%,15,14.71,15,14.71,125,8,0,0,0,0,0,6,1,0,0,0,0,0,2
11814,Matty Hiroto Inaba,3.1,R' U' R' F R2 U' R' U' R U R' F',-1.440708680910725,23.5%,12,16.44,12,16.44,72,4,0,0,0,2,0,5,1,0,0,0,0,0,0
11812,Matty Hiroto Inaba,3.98,U2' R' U R' U' R3 U' R' U R U R2',-0.4609937908580965,26.6%,12,11.32,12,11.32,72,5,1,0,0,0,0,5,1,0,0,0,0,0,1
11811,Matty Hiroto Inaba,4.81,R' U2' R U2' R' F R U R' U' R' F' R2,-0.6688121008692602,20.6%,13,13.13,13,13.13,72,2,2,0,0,2,0,6,1,0,0,0,0,0,0
11810,Matty Hiroto Inaba,4.7,U L' U' L F L' U' L U L F' L2' U L,-0.7875654208756395,20.2%,14,14.74,14,14.74,72,5,0,6,1,2,0,0,0,0,0,0,0,0,0
11809,Matty Hiroto Inaba,3.93,U' y R' U L' U2 R U' R' U2 R r,-0.4609937908580965,27.0%,11,10.38,12,11.32,72,3,2,1,0,0,0,4,0,0,0,0,0,0,0
11807,Matty Hiroto Inaba,3.94,U R' U R' U' R3 U' R' U R U R2',0.31090278918336817,33.5%,12,9.09,12,9.09,72,6,0,0,0,0,0,5,1,0,0,0,0,0,1
11740,Yiheng Wang,3.42,U' R U R' F' R U R' U' R' F R2 U' R',-1.1900714165707247,21.9%,14,18.67,14,18.67,202,5,0,0,0,2,0,6,1,0,0,0,0,0,0
11739,Yiheng Wang,3.54,U' x R2' D2 R U R' D2 R U' R,-0.9381610897696763,23.2%,10,12.2,11,13.41,202,3,0,0,0,0,0,4,1,0,0,0,2,0,0
11738,Yiheng Wang,3.7,U' R U R' F' R U R' U' R' F R2 U' R' U2',-0.8301995211406553,23.0%,15,17.65,15,17.65,202,5,1,0,0,2,0,6,1,0,0,0,0,0,0
11737,Yiheng Wang,3.77,U R U R' U' R' F R2 U' R' U' R U R' F' U',-0.8661867106836623,22.3%,16,19.05,16,19.05,202,7,0,0,0,2,0,6,1,0,0,0,0,0,0
11711,Teodor Zajder,5.22,x R2' D D R U R' D D R U' R,-1.6255325952451394,20.9%,11,10.09,12,11.01,16,2,0,0,0,0,0,4,1,0,0,4,0,0,0
11710,Teodor Zajder,5.42,U' R' U' F' R U R' U' R' F R2 U' R' U' R U R' U R U',0.8223282540651877,30.4%,20,12.12,20,12.12,16,9,0,0,0,2,0,8,1,0,0,0,0,0,0
11698,Yufang Du,5.41,U2 F R U' R' U R U R2' F' R U R U' R' U',0.4687835417953745,26.6%,16,11.11,16,11.11,13,6,1,0,0,2,0,6,1,0,0,0,0,0,0
11697,Yufang Du,4.56,U R U' R' U' R U R D R' U' R D' R' U2 R' U,-0.5062862251390048,25.4%,17,14.66,17,14.66,13,6,1,0,0,0,0,8,0,0,0,2,0,0,0
11696,Yufang Du,4.74,U2' R U R' F' r U R' U' r' F R2 U' R' U2,-1.0286450288538505,21.3%,15,14.85,15,14.85,13,4,2,0,0,2,0,4,1,0,0,0,0,0,0
11695,Yufang Du,4.46,U R U R' F' r U R' U' r' F R2 U' R' U',-0.4018144643960355,26.7%,15,12.61,15,12.61,13,6,0,0,0,2,0,4,1,0,0,0,0,0,0
11694,Yufang Du,4.35,U' R2' U' R U' R U R' U R2 D' U R U' R' D U',-1.1331167895968197,22.5%,17,17.35,17,17.35,13,8,0,0,0,0,0,5,2,0,0,2,0,2,0
11693,Yiheng Wang,6.93,R U' R' R R' U' R U R D R' U' R D' R' U2 R' U,0.7892240082946569,18.8%,18,13.85,18,13.85,202,5,1,0,0,0,0,10,0,0,0,2,0,0,0
11692,Yiheng Wang,3.95,U' x R2' D2 R U R' D2 R U' R,-0.11045573028051643,26.6%,10,9.52,11,10.48,202,3,0,0,0,0,0,4,1,0,0,0,2,0,0
11691,Yiheng Wang,4.55,U U D' R2 U R' U R' U' R U' R2 D U' R' U R U,1.0771215246387118,30.3%,18,13.04,18,13.04,202,9,0,0,0,0,0,5,2,0,0,2,0,2,1
11690,Yiheng Wang,4.19,F R U' R' U' R U R' F' R U R' U' R' F R F',1.0051471455526988,32.5%,17,12.5,17,12.5,202,5,0,0,0,4,0,8,0,0,0,0,0,0,0
11689,Yiheng Wang,3.98,U' x' R2 D2 R' U' R D2 R' U R',-0.25440448845254426,25.4%,10,9.9,11,10.89,202,3,0,0,0,0,0,4,1,0,0,0,2,0,1
11687,Yiheng Wang,4.7,R2' U R U R' U' R3 U' R' U R' U2',-0.6502635734256205,19.1%,12,13.33,12,13.33,202,5,1,0,0,0,0,5,1,0,0,0,0,0,1
11686,Yiheng Wang,3.32,R U R' U' R' F R2 U' R' U' R U R' F',-1.1900714165707247,22.6%,14,18.67,14,18.67,202,5,0,0,0,2,0,6,1,0,0,0,0,0,0
11685,Yiheng Wang,5.28,U2' x R2' D2 R U R' D2 R U' R,-0.7222379525116345,16.7%,10,11.36,11,12.5,202,2,1,0,0,0,0,4,1,0,0,0,2,0,0
11684,Yiheng Wang,3.81,U R' U2' R U2' R' F R U R' U' R' F' R2,-0.25440448845254426,26.5%,14,13.86,14,13.86,202,3,2,0,0,2,0,6,1,0,0,0,0,0,0
11683,Yiheng Wang,3.57,R2' U R U R' U' R3 U' R' U R' U,-1.2260586061137315,20.7%,12,16.22,12,16.22,202,6,0,0,0,0,0,5,1,0,0,0,0,0,1
11682,Yiheng Wang,5.28,U2' U' R' U2' R U2' R' F R U R' U' R' F' R2 U2',1.1850830932677328,26.7%,16,11.35,16,11.35,202,3,4,0,0,2,0,6,1,0,0,0,0,0,0
11681,Yiheng Wang,3.91,D' R U R' U' D R2 U' R U' R' U R' U R2 U,-0.0024941616514955324,27.6%,16,14.81,16,14.81,202,7,0,0,0,0,0,5,2,0,0,2,0,1,1
11680,Yiheng Wang,3.83,U U' L' U' L F L' U' L U L F' L2' U L U',-0.18243010936653037,26.9%,16,15.53,16,15.53,202,7,0,6,1,2,0,0,0,0,0,0,0,0,0
11679,Yiheng Wang,4.84,U M' U M2' U M2' U M' U2 M2',-0.1464429198235234,21.5%,10,9.62,10,9.62,202,4,1,0,0,0,0,0,0,0,0,0,0,0,0
11635,Yiheng Wang,4.25,U2' R U R' U R U R' F' R U R' U' R' F R2 U' R' U2 R U' R',0.5373136814936081,28.9%,22,17.89,22,17.89,202,7,2,0,0,2,0,10,1,0,0,0,0,0,0
11634,Yiheng Wang,5.5,U' R R' D' R2 U R2' R U R' U' R U' R2 D U' R' U R,3.0204297599610865,34.9%,19,9.9,19,9.9,202,7,0,0,0,0,0,7,3,0,0,2,0,1,0
11633,Yiheng Wang,5.11,U' R U' R U R' D R D' R U' D R2' U R2 D' R2' U',0.7532368187516499,25.2%,18,13.95,18,13.95,202,6,0,0,0,0,0,5,3,0,0,4,0,1,0
11632,Yiheng Wang,4.41,U2' R U R' U' R' F R2 U' R' U F' L' U L,-0.6142763838826135,20.6%,15,16.48,15,16.48,202,5,1,2,0,2,0,4,1,0,0,0,0,0,0
11631,Yiheng Wang,8.59,R' R' U R U R' U' R3 U' R' U R',3.92010949853626,25.3%,12,5.53,12,5.53,202,5,0,0,0,0,0,7,0,0,0,0,0,0,1
11630,Yiheng Wang,5.96,R' U' R U D' R2 U R' U R U' R U' R2' U D,-0.5423020047965996,15.6%,16,17.2,16,17.2,202,7,0,0,0,0,0,5,2,0,0,2,0,2,0
11629,Yiheng Wang,4.14,U x R' U R' D2 R U' R' D2 R2,-0.9381610897696763,19.8%,10,12.2,11,13.41,202,3,0,0,0,0,0,4,1,0,0,0,2,0,1
11628,Yiheng Wang,5.6,R U' R' U' R U R D R' U' R D' R' U2 R',0.717249629208643,22.9%,15,11.72,15,11.72,202,4,1,0,0,0,0,8,0,0,0,2,0,0,0
11627,Yiheng Wang,5.34,x' R U' R D2 R' U R D2 R2',0.8611983873806708,24.7%,9,6.82,10,7.58,202,2,0,0,0,0,0,4,1,0,0,0,2,0,0
11626,Yiheng Wang,5.43,U' U U' x R2' D2 R U R' D2 R U' R x' U',0.6452752501226291,23.2%,13,10.32,15,11.9,202,6,0,0,0,0,0,4,1,0,0,0,2,0,0
11625,Yiheng Wang,5.95,U D' R U R' U' D R2 U' R U' R' U R' U R2 U2',0.717249629208643,21.5%,17,13.28,17,13.28,202,7,1,0,0,0,0,5,2,0,0,2,0,2,1
11624,Yiheng Wang,4.8,U' R' U' F' R U R' U' R' F R2 U' R' U' R U R' U R U,0.24941616514955242,24.0%,20,17.39,20,17.39,202,9,0,0,0,2,0,8,1,0,0,0,0,0,0
11623,Yiheng Wang,5.01,U' R' U2' R U2' R' F R U R' U' R' F' R2 U,-0.18243010936653037,20.6%,15,14.56,15,14.56,202,4,2,0,0,2,0,6,1,0,0,0,0,0,0
11622,Yiheng Wang,6.91,U' U R' U' R U U' R' F' R U R' U' R' F R2 R' R U' R' U' R U R' U R U,4.136032635794302,32.3%,27,12.11,27,12.11,202,12,0,0,0,2,0,12,1,0,0,0,0,0,0
11621,Yiheng Wang,4.8,U' R U R' U R U R' F' R U R' U' R' F R2 U' R' U2 R U' R',0.35737773377857335,24.6%,22,18.64,22,18.64,202,8,1,0,0,2,0,10,1,0,0,0,0,0,0
11619,Yiheng Wang,4.67,U2' R U R' F' R U R' U' R' F R2 U' R' U2,-1.0461226583986967,16.9%,15,18.99,15,18.99,202,4,2,0,0,2,0,6,1,0,0,0,0,0,0
11618,Yiheng Wang,4.6,D' R2 U R' U R' U' R U' R2 U' D R' U R,-0.11045573028051643,22.8%,15,14.29,15,14.29,202,6,0,0,0,0,0,5,2,0,0,2,0,1,1
11617,Yiheng Wang,4.57,U2' R U R' U R' U' R2 U' R' U R' U R U2,-0.21841729890953732,22.3%,15,14.71,15,14.71,202,6,2,0,0,0,0,6,1,0,0,0,0,0,2
11616,Yiheng Wang,3.84,U2' R' U R' U' R D' R' D R' D' U R2 U' R2' D R2 U',0.6452752501226291,32.8%,18,14.29,18,14.29,202,5,1,0,0,0,0,5,3,0,0,4,0,1,1
11615,Yiheng Wang,4.43,R U R' U R' U' R2 U' R' U R' U R U',-0.5423020047965996,21.0%,14,15.05,14,15.05,202,7,0,0,0,0,0,6,1,0,0,0,0,0,2
11613,Yiheng Wang,4.26,U2 R' U2' R U2' R' F R U R' U' R' F' R2 U',-0.1464429198235234,24.4%,15,14.42,15,14.42,202,3,3,0,0,2,0,6,1,0,0,0,0,0,0
11612,Yiheng Wang,4.41,U M' U M2' U M2' U M' U2 M2' U2,0.2854033546925594,26.3%,11,9.48,11,9.48,202,4,2,0,0,0,0,0,0,0,0,0,0,0,0
11611,Yiheng Wang,5.36,U2 x' R U' R D2 R' U R D2 R2',0.10546740697752537,20.7%,10,9.01,11,9.91,202,2,1,0,0,0,0,4,1,0,0,0,2,0,0
11610,Yiheng Wang,6.43,U F R U' R' U' R U R' F' R U R' U' R' F R F' U',1.0051471455526988,21.2%,19,13.97,19,13.97,202,7,0,0,0,4,0,8,0,0,0,0,0,0,0
11609,Yiheng Wang,5.26,D' U' R U R' R U' R' U2 D R U' R U R' D R D' R U' D R2' U R2 D' R2',1.3650190409827676,27.8%,26,17.81,26,17.81,202,7,1,0,0,0,0,9,3,0,0,6,0,3,0
11608,Yiheng Wang,4.83,U' U R2' U R U R' U' R2 U' U R U' R' U R' U2',1.904826884127872,33.3%,17,10.56,17,10.56,202,9,1,0,0,0,0,5,2,0,0,0,0,0,1
11607,Yiheng Wang,4.61,U x R' U R' D2 R U' R' D2 R2,0.21342897560654547,24.7%,10,8.77,11,9.65,202,3,0,0,0,0,0,4,1,0,0,0,2,0,1
11606,Yiheng Wang,4.55,R' U R U' R' F' U' F R U R' U' R U' f R f' U',0.0694802174345184,24.2%,18,16.36,18,16.36,202,7,0,0,0,2,0,7,0,0,0,0,0,0,0
11605,Yiheng Wang,4.36,U2 x' R2 D2 R' U' R D2 R' U R',-0.6142763838826135,20.9%,10,10.99,11,12.09,202,2,1,0,0,0,0,4,1,0,0,0,2,0,1
11604,Yiheng Wang,4.28,D' U' U' R U R' U' D R2 U' R U' R' U R' U R2 U,0.9691599560096917,31.5%,18,13.33,18,13.33,202,9,0,0,0,0,0,5,2,0,0,2,0,2,1
11603,Yiheng Wang,5.0,R U' R U R' D R D' R U' D R2' U R D' D R D' R2' U',2.15673721092892,33.6%,20,11.9,20,11.9,202,5,0,0,0,0,0,7,2,0,0,6,0,1,0
11602,Yiheng Wang,4.99,L' U' L F L' U' L U L F' L2' U L,-1.5139561224577869,13.2%,13,19.7,13,19.7,202,4,0,6,1,2,0,0,0,0,0,0,0,0,0
11601,Yiheng Wang,6.01,U R U' R' U' R U R D R' U' R D' R' U2 R' U2',0.8252111978376638,21.8%,17,12.98,17,12.98,202,5,2,0,0,0,0,8,0,0,0,2,0,0,0
11600,Yiheng Wang,4.58,U x' R U' R' D R U R' D' R U R' D R U' R' D' F,0.1774417860635385,24.7%,18,15.93,19,16.81,202,5,0,0,0,1,0,8,0,0,0,4,0,0,0
11599,Yiheng Wang,4.54,U x' R2 D2 R' U' R D2 R' U R' F,-0.07446854073750946,23.3%,11,10.38,12,11.32,202,3,0,0,0,1,0,4,1,0,0,0,2,0,1
11598,Yiheng Wang,5.62,R U' R U R' D R D' R U' D R2' U R2 D' R2' U',0.9691599560096917,24.0%,17,12.59,17,12.59,202,5,0,0,0,0,0,5,3,0,0,4,0,1,0
11597,Yiheng Wang,4.48,D' R2 U R' U R' U' R U' R2 U' D R' U R U2',0.1774417860635385,25.2%,16,14.16,16,14.16,202,6,1,0,0,0,0,5,2,0,0,2,0,1,1
11596,Yiheng Wang,4.72,U x R' U R' D2 R U' R' D2 R2 x' U',1.0411343350957056,29.0%,11,8.03,13,9.49,202,4,0,0,0,0,0,4,1,0,0,0,2,0,1
11583,Dylan Miller,3.49,R U R' U' R' F R2 U' R' U' R U R' F' U',-0.2916874603859507,33.2%,15,12.93,15,12.93,125,6,0,0,0,2,0,6,1,0,0,0,0,0,0
11577,Matty Hiroto Inaba,3.9,R U R' F' R U R' U' R' F R2 U' R',-0.045357170835769664,30.8%,13,10.83,13,10.83,72,4,0,0,0,2,0,6,1,0,0,0,0,0,0
11576,Matty Hiroto Inaba,4.08,U2 R U R' U' D R2 U' R U' R' U R' U R2 D',-0.6391237708676655,24.5%,16,16.0,16,16.0,72,6,1,0,0,0,0,5,2,0,0,2,0,1,1
11569,Yiheng Wang,4.43,U' R U R' U R' U' R2 U' R' U R' U R U2',-1.1540842270277176,17.2%,15,19.74,15,19.74,202,7,1,0,0,0,0,6,1,0,0,0,0,0,2
11568,Yiheng Wang,4.67,R U R' U R U R' F' R U R' U' R' F R2 U' R' U2 R U' R',-0.506314815253593,20.1%,21,22.34,21,22.34,202,7,1,0,0,2,0,10,1,0,0,0,0,0,0
11567,Yiheng Wang,4.34,R U R' F' R U R' U' R' F R2 U' R' U',-0.5782891943396066,21.2%,14,15.22,14,15.22,202,5,0,0,0,2,0,6,1,0,0,0,0,0,0
11566,Yiheng Wang,4.12,M' U M2' U M2' U M' U2 M2',0.21342897560654547,27.7%,9,7.89,9,7.89,202,3,1,0,0,0,0,0,0,0,0,0,0,0,0
11565,Yiheng Wang,3.59,U' x' R2 D2 R' U' R D2 R' U R',-0.7582251420546414,24.2%,10,11.49,11,12.64,202,3,0,0,0,0,0,4,1,0,0,0,2,0,1
11564,Yiheng Wang,4.85,U' F' U' F R2 u R' U R U' R u' R2',-0.47032762571058606,19.6%,13,13.68,13,13.68,202,4,0,0,0,2,0,3,2,0,0,0,0,0,0
11563,Yiheng Wang,3.44,U R U R' F' R U R' U' R' F R2 U' R' U,-1.2260586061137315,21.5%,15,20.27,15,20.27,202,6,0,0,0,2,0,6,1,0,0,0,0,0,0
11562,Yiheng Wang,4.04,U' R U R' F' R U R' U' R' F R2 U' R' U,-1.2260586061137315,18.3%,15,20.27,15,20.27,202,6,0,0,0,2,0,6,1,0,0,0,0,0,0
11561,Yiheng Wang,4.48,U' R' U R U' R' F' U' F R U R' U' R U' f R f',-0.07446854073750946,23.7%,18,16.98,18,16.98,202,7,0,0,0,2,0,7,0,0,0,0,0,0,0
11559,Yiheng Wang,3.48,U R' U' R3 U' R' U R U R2' U',-1.1900714165707247,21.6%,11,14.67,11,14.67,202,6,0,0,0,0,0,4,1,0,0,0,0,0,0
11548,Yiheng Wang,3.82,U' R2' U R U R' U' R3 U' R' U R' U',-1.2260586061137315,19.4%,13,17.57,13,17.57,202,7,0,0,0,0,0,5,1,0,0,0,0,0,1
11547,Yiheng Wang,3.78,U R' U R' U' R3 U' R' U R U R2',-0.11045573028051643,27.8%,12,11.43,12,11.43,202,6,0,0,0,0,0,5,1,0,0,0,0,0,1
11546,Yiheng Wang,4.38,U' D' U' R2 U R' U R' U' R U' R2 D U' R' U R U,1.5089677991547954,34.2%,18,12.0,18,12.0,202,9,0,0,0,0,0,5,2,0,0,2,0,3,1
11545,Yiheng Wang,4.94,U x' R U' R' D R U R' D' R U R' D R U' R' D',-0.39835324662457217,19.6%,17,17.53,18,18.56,202,5,0,0,0,0,0,8,0,0,0,4,0,0,0
11544,Yiheng Wang,3.78,U2' R U R' F' R U R' U' R' F R2 U' R',-0.07446854073750946,28.0%,14,13.21,14,13.21,202,4,1,0,0,2,0,6,1,0,0,0,0,0,0
11543,Yiheng Wang,4.01,D' R U R' U' D R2 U' R U' R' U R' U R2 U',-0.5423020047965996,23.2%,16,17.2,16,17.2,202,7,0,0,0,0,0,5,2,0,0,2,0,1,1
11524,Yiheng Wang,3.08,U' R' U R' U' R3 U' R' U R U R' U' U R' U',0.717249629208643,41.6%,16,12.5,16,12.5,202,9,0,0,0,0,0,7,0,0,0,0,0,0,1
11493,Ruihang Xu,4.53,R2' U R U R' U' R3 U' R' U R' U2',-0.26427486471849704,24.9%,12,10.62,12,10.62,42,5,1,0,0,0,0,5,1,0,0,0,0,0,1
11492,Ruihang Xu,4.33,u' R2 U R' U R' U' R U' R2 D U' R' U R,-0.14865461140415476,26.8%,15,12.93,15,12.93,42,6,0,0,0,0,0,5,2,0,0,1,0,1,1
11491,Ruihang Xu,5.03,U' R U R' F' R U R' U' R' F R2 U' R' U',-1.1506968067951202,17.9%,15,16.67,15,16.67,42,6,0,0,0,2,0,6,1,0,0,0,0,0,0
11490,Ruihang Xu,6.23,U R' U' R R' R D' R' D R' U D' R2 U' R2' D R2 U,2.0481302015683474,27.8%,18,10.4,18,10.4,42,5,0,0,0,0,0,6,3,0,0,4,0,1,0
11489,Ruihang Xu,4.68,U' L' U' L F L' U' L U L F' L2' U L,-0.3413550335947244,23.7%,14,12.61,14,12.61,42,5,0,6,1,2,0,0,0,0,0,0,0,0,0
11471,Dylan Miller,4.91,U2' R U R' U' D R2 U' R U' R' U R' U R2 U D',-0.8237049586579903,20.6%,17,16.83,17,16.83,125,7,1,0,0,0,0,5,2,0,0,2,0,2,1
11470,Dylan Miller,5.21,F' U' F R2 u R' U R U' R u' R2' U',0.24033003788608964,25.1%,13,9.92,13,9.92,125,4,0,0,0,2,0,3,2,0,0,0,0,0,0
11468,Dylan Miller,4.73,U R U' R' U' R U R' U R' D' R U' R' D R2 U R',-0.04341262785899856,26.0%,18,14.63,18,14.63,125,7,0,0,0,0,0,8,1,0,0,2,0,0,1
11467,Dylan Miller,4.72,R' U2 R' R D' D R' D' R U' R' D R U R U' R' U' R U',2.0491895320110256,38.6%,20,10.99,20,10.99,125,5,1,0,0,0,0,10,0,0,0,4,0,0,0
11465,Dylan Miller,5.69,U2' R' U' R' D' R U' R' D R U R' D' R U R' D R2,0.1693943714498176,22.7%,18,13.95,18,13.95,125,4,1,0,0,0,0,8,1,0,0,4,0,0,0
11464,Dylan Miller,4.87,U2' R U R' F' R U R' U' R' F R2 U' R',-1.3202546237118944,17.9%,14,16.09,14,16.09,125,4,1,0,0,2,0,6,1,0,0,0,0,0,0
11463,Dylan Miller,4.84,U' R U R' U' R' F R2 U' R' U' R U R' F' U',-0.3626231268222228,23.6%,16,14.04,16,14.04,125,7,0,0,0,2,0,6,1,0,0,0,0,0,0
11462,Dylan Miller,4.52,U' R U' R2' D' R U R' D R U' R U' R' U R U R' U,0.5240727036311771,30.8%,19,13.67,19,13.67,125,8,0,0,0,0,0,8,1,0,0,2,0,0,0
11455,Luke Garrett,5.18,D' R U R' U' D R2 U' R U' R' U R' U R2 U',0.14280237427501463,26.1%,16,11.85,16,11.85,62,7,0,0,0,0,0,5,2,0,0,2,0,1,1
11454,Luke Garrett,5.1,U' l' U R' D2 R U' R' D2 R2,-0.4316774062053855,23.1%,10,8.47,10,8.47,62,3,0,0,0,0,0,3,1,0,0,0,2,0,0
11453,Luke Garrett,4.92,U M2' U' M U2 M' U' M2',-0.7358137605773613,22.2%,8,7.34,8,7.34,62,3,1,0,0,0,0,0,0,0,0,0,0,0,0
11452,Luke Garrett,5.08,U' U' D' R U R' U' R R' D R2 U' R U' R' U R' U R2,1.3255548634993664,33.5%,19,11.18,19,11.18,62,8,0,0,0,0,0,7,2,0,0,2,0,1,1
11438,Yufang Du,5.94,R' U' F' R U R' U' R' F R2 U' R' U' R U R' U R U2',1.0607901860055338,27.1%,19,11.8,19,11.8,13,7,1,0,0,2,0,8,1,0,0,0,0,0,0
11436,Yufang Du,5.52,U' U' U' M2' U' M2' U' M' U2' M2' U2' M',1.548325069472723,31.7%,12,6.86,12,6.86,13,5,2,0,0,0,0,0,0,0,0,0,0,0,0
11435,Yufang Du,4.87,U2 R' U' F' R U R' U' R' F R2 U' R' U' R U R' U R U' U',0.3294878608047488,28.7%,21,15.0,21,15.0,13,9,1,0,0,2,0,8,1,0,0,0,0,0,0
11416,Yiheng Wang,3.62,U2' R U R' U' R' F R2 U' R' U' R U R',-0.7582251420546414,24.0%,14,16.09,14,16.09,202,5,1,0,0,1,0,6,1,0,0,0,0,0,0
11415,Yiheng Wang,4.04,U' R U R' U R U R' F' R U R' U' R' F R2 U' R' U2 R U' R',0.10546740697752537,27.5%,22,19.82,22,19.82,202,8,1,0,0,2,0,10,1,0,0,0,0,0,0
11414,Yiheng Wang,3.75,U' R2 U R' U R' U' R U' R2 D U' R' U R D' U,-0.11045573028051643,28.0%,17,16.19,17,16.19,202,8,0,0,0,0,0,5,2,0,0,2,0,2,1
11341,Ruihang Xu,4.44,R' U R' U' R D' R' D R' U D' R2 U' R2' D R2 U,-0.6111356246615232,23.4%,17,16.35,17,16.35,42,5,0,0,0,0,0,5,3,0,0,4,0,1,1
11335,Ruihang Xu,4.05,R' R U' R' U R' U' R D' R' D R' U D' R2 U' R2' D R2 U',0.4679867396056709,32.6%,20,15.15,20,15.15,42,6,0,0,0,0,0,7,3,0,0,4,0,1,1
11321,Seung Hyuk Nahm,5.71,y' x' R U' R D2 R' U R D2 R2',-0.15200235747134386,27.0%,9,5.84,11,7.14,13,2,0,0,0,0,0,4,1,0,0,0,2,0,0
11319,Seung Hyuk Nahm,5.6,U U R2 U R' U R' U' R U' R2 U' D R' U R D',0.9982244371252431,34.5%,17,8.81,17,8.81,13,8,0,0,0,0,0,5,2,0,0,2,0,1,1
11318,Seung Hyuk Nahm,6.98,U U x R' U R' D2 R U' R' D2 R2 x' U,-0.6238902732032775,19.8%,12,8.7,14,10.14,13,5,0,0,0,0,0,4,1,0,0,0,2,0,1
11316,Matty Hiroto Inaba,4.08,U' M2' U M U2 M' U M2',0.2515261291801785,31.9%,8,6.15,8,6.15,72,3,1,0,0,0,0,0,0,0,0,0,0,0,0
11315,Matty Hiroto Inaba,4.54,U U2' R U R' F' R U R' U' R' F R2 U' R' U,-0.6094354408660706,22.2%,16,15.84,16,15.84,72,6,1,0,0,2,0,6,1,0,0,0,0,0,0
11314,Matty Hiroto Inaba,6.63,U' R U R' F' R U2 R' U' R' R U' R' F R U R U2' R' U,3.398489109349226,35.6%,20,8.47,20,8.47,72,6,2,0,0,2,0,10,0,0,0,0,0,0,0
11313,Matty Hiroto Inaba,5.38,R U R' U' R' F R2 U' R' U' R U R' F' U',1.2312410192328063,30.3%,15,9.2,15,9.2,72,6,0,0,0,2,0,6,1,0,0,0,0,0,0
11312,Matty Hiroto Inaba,4.27,U' R' D' R U2 R' D R U R' D' R U R' D R,0.22183779917858373,30.2%,16,12.4,16,12.4,72,3,1,0,0,0,0,8,0,0,0,4,0,0,0
11310,Matty Hiroto Inaba,4.3,R U R' F' R U R' U' R' F R2 U' R' U2,-0.8469420808788288,21.6%,14,15.05,14,15.05,72,4,1,0,0,2,0,6,1,0,0,0,0,0,0
11309,Matty Hiroto Inaba,4.6,U' U' R U R' U' D R2 U' R U' R' U R' U R2 D' U',1.3499943392391855,36.3%,18,10.78,18,10.78,72,9,0,0,0,0,0,5,2,0,0,2,0,2,1
11308,Matty Hiroto Inaba,4.6,R' U L' U2 R U' R' U2 R L,-0.8469420808788288,20.2%,10,10.75,10,10.75,72,2,2,2,0,0,0,4,0,0,0,0,0,0,0
11307,Matty Hiroto Inaba,5.48,U R U R' U' R' F R2 U' R' U' R U R' F',0.10308447917220444,22.8%,15,12.0,15,12.0,72,6,0,0,0,2,0,6,1,0,0,0,0,0,0
11306,Matty Hiroto Inaba,4.56,U' R' U R' U' R3 U' R' U R U R2' U',-0.16411049084214896,25.4%,13,11.21,13,11.21,72,7,0,0,0,0,0,5,1,0,0,0,0,0,1
11305,Matty Hiroto Inaba,4.56,R' U' U' R U2' R' F R U R' U' R' F' R2 U,0.5187210991945312,30.5%,15,10.79,15,10.79,72,5,1,0,0,2,0,6,1,0,0,0,0,0,0
11297,Yiheng Wang,3.87,x' R2 D2 R' U' R D2 R' U R',-0.8661867106836623,21.7%,9,10.71,10,11.9,202,2,0,0,0,0,0,4,1,0,0,0,2,0,1
11296,Yiheng Wang,4.13,U' x' R2 D2 R' U' R D2 R' U R',0.4653393024075942,29.3%,10,8.26,11,9.09,202,3,0,0,0,0,0,4,1,0,0,0,2,0,1
11295,Yiheng Wang,4.14,U U L' U' L F L' U' L U L F' L2' U L,-0.39835324662457217,23.4%,15,15.46,15,15.46,202,6,0,6,1,2,0,0,0,0,0,0,0,0,0
11294,Yiheng Wang,4.25,R U R' U R U R' F' R U R' U' R' F R2 U' R' U2 R U' R',0.32139054423556634,27.5%,21,17.95,21,17.95,202,7,1,0,0,2,0,10,1,0,0,0,0,0,0
11293,Yiheng Wang,3.84,R U R' U R' U' R2 U' R' U R' U R U,-1.3340201747427525,18.5%,14,19.72,14,19.72,202,7,0,0,0,0,0,6,1,0,0,0,0,0,2
11279,Matty Hiroto Inaba,5.06,U M2' U M2' U M' U2 M2' U2 M',0.8156043992104794,29.4%,10,6.71,10,6.71,72,3,2,0,0,0,0,0,0,0,0,0,0,0,0
11278,Matty Hiroto Inaba,5.24,U2' R U R' U R' U' R2 U' R' U R' U R U',-0.4313054608565017,20.4%,15,14.02,15,14.02,72,7,1,0,0,0,0,6,1,0,0,0,0,0,2
11277,Matty Hiroto Inaba,4.88,M2' U' M U2 M' U' M2' U2,-0.40161713085490686,22.1%,8,7.41,8,7.41,72,2,2,0,0,0,0,0,0,0,0,0,0,0,0
11275,Matty Hiroto Inaba,4.76,U' R' U' R U D' R2 R' R U R' U R U' R U' R2' D,1.0234227092216432,32.8%,18,11.54,18,11.54,72,7,0,0,0,0,0,7,2,0,0,2,0,1,0
11273,Luke Garrett,4.86,U' R2' U R U R' U' R3 U' R' U R',-1.276500612794208,19.1%,12,12.9,12,12.9,62,6,0,0,0,0,0,5,1,0,0,0,0,0,1
11272,Luke Garrett,4.31,U R' U' R3 U' R' U R U R2' U,-1.5806369671661846,19.5%,11,13.1,11,13.1,62,6,0,0,0,0,0,4,1,0,0,0,0,0,0
11271,Luke Garrett,5.06,R' U' R U D' R2 U R' U R U' R U' R2' D U' U',1.1903831504451545,32.8%,17,10.24,17,10.24,62,8,0,0,0,0,0,5,2,0,0,2,0,2,0
11270,Luke Garrett,4.91,U' R2' U R U R' U' R3 U' R' U R' U',-1.2427076845306555,19.1%,13,13.83,13,13.83,62,7,0,0,0,0,0,5,1,0,0,0,0,0,1
11269,Luke Garrett,6.84,U' R' U R' U' R D' R' D R' U D' R2 U' R2' D R R U,2.2379639266152953,28.8%,19,9.64,19,9.64,62,6,0,0,0,0,0,7,2,0,0,4,0,1,1
11236,Yiheng Wang,3.61,U' F R U' R' U' R U R' F' R U R' U' R' F R F',0.4653393024075942,33.5%,18,14.88,18,14.88,202,6,0,0,0,4,0,8,0,0,0,0,0,0,0
11234,Yiheng Wang,4.01,U' R U' R U R' D R D' R U' D R2' U R2 D' R2 U',-0.1464429198235234,25.9%,18,17.31,18,17.31,202,6,0,0,0,0,0,5,3,0,0,4,0,1,0
11232,Yiheng Wang,4.48,U R U R' U R' U' R2 U' R' U R' U R,-0.6142763838826135,20.3%,14,15.38,14,15.38,202,7,0,0,0,0,0,6,1,0,0,0,0,0,2
11231,Yiheng Wang,4.29,U U' U2' R U R' U R' U' R2 U' R' U R' U R U',0.6452752501226291,29.4%,17,13.49,17,13.49,202,9,1,0,0,0,0,6,1,0,0,0,0,0,2
11230,Yiheng Wang,3.96,D' R2 U R' U R' U' R U' R2 D U' R' U R U2',0.2854033546925594,29.3%,16,13.79,16,13.79,202,6,1,0,0,0,0,5,2,0,0,2,0,1,1
11226,Matty Hiroto Inaba,4.89,R U' U U' R' U' R U R D R' U' R D' R' U2 R',1.9140726092694873,38.0%,17,9.14,17,9.14,72,6,1,0,0,0,0,8,0,0,0,2,0,0,0
11225,Matty Hiroto Inaba,5.3,U' R' U R' U' R3 U' R' U R U R2' U,-0.9360070708836133,17.0%,13,14.44,13,14.44,72,7,0,0,0,0,0,5,1,0,0,0,0,0,1
11224,Matty Hiroto Inaba,5.72,y R U R' U' R' F R2 U' R' U' R U R' F',0.6968510792041002,25.3%,14,9.66,15,10.34,72,5,0,0,0,2,0,6,1,0,0,0,0,0,0
11223,Matty Hiroto Inaba,4.37,R' U R' U' R2 U' R' U R' U R U',-0.9360070708836133,20.6%,12,13.33,12,13.33,72,6,0,0,0,0,0,5,1,0,0,0,0,0,2
11208,Kyle Santucci,3.91,R2' U R U R' U' R2 U' U R U' R' U R' U2',0.9029918195467359,39.4%,15,9.74,15,9.74,28,7,1,0,0,0,0,5,2,0,0,0,0,0,1
11207,Kyle Santucci,5.21,F R U' R' U' R U R' F' R U R' U' R' F R F' U,1.4334205806790834,31.9%,18,10.84,18,10.84,28,6,0,0,0,4,0,8,0,0,0,0,0,0,0
11202,Teodor Zajder,5.98,M2' U L' l U2' M' U M2' U2',0.8223282540651877,27.6%,9,5.45,9,5.45,16,2,2,1,0,0,0,0,0,0,0,0,0,0,0
11201,Teodor Zajder,6.1,U D' R2 U R' U R' U' R U' R2 D U' R' U R U,0.6037692496624807,26.2%,17,10.63,17,10.63,16,8,0,0,0,0,0,5,2,0,0,2,0,2,1
11200,Teodor Zajder,5.55,U2 x R' U R' D2 R U' R' D2 R2,0.2540748426181478,27.4%,10,6.58,11,7.24,16,2,1,0,0,0,0,4,1,0,0,0,2,0,1
11199,Teodor Zajder,5.17,U' R U R' U' D R2 U' R U' R' U R' U R2 D' U',-0.7075847767537666,25.1%,17,13.08,17,13.08,16,8,0,0,0,0,0,5,2,0,0,2,0,2,1
11198,Teodor Zajder,5.33,U R U R' U R' U' R2 U' R' U R' U R,-0.008195962665101855,27.4%,14,9.59,14,9.59,16,7,0,0,0,0,0,6,1,0,0,0,0,0,2
11161,Ruihang Xu,4.93,U' R U R' U R' U' R2 U' R' U R' U R U' U',1.1617082594917238,30.4%,16,10.67,16,10.67,42,9,0,0,0,0,0,6,1,0,0,0,0,0,2
11160,Ruihang Xu,3.57,x R2' D2 R U R' D2 R U' R,-0.7652959624139796,28.0%,9,9.0,10,10.0,42,2,0,0,0,0,0,4,1,0,0,0,2,0,0
11159,Ruihang Xu,4.77,R U R' U' D R2 U' R U' R' U R' U R2 U' u',-0.4955153713471808,22.4%,16,14.95,16,14.95,42,7,0,0,0,0,0,5,2,0,0,1,0,1,1
11158,Ruihang Xu,4.28,U' M2' U' M2' U2' M2' U' M2',-0.95799638460455,22.2%,8,8.42,8,8.42,42,3,1,0,0,0,0,0,0,0,0,0,0,0,0
11157,Ruihang Xu,4.85,U' U2' R U R' F' R U R' U' R' F R2 U' R',-0.18719469584226886,23.7%,15,13.04,15,13.04,42,5,1,0,0,2,0,6,1,0,0,0,0,0,0
11095,Dylan Miller,5.85,U F R U' R' U' R U R' F' R U R' U' R' F R F' U',1.9073181991384813,30.4%,19,10.67,19,10.67,125,7,0,0,0,4,0,8,0,0,0,0,0,0,0
11094,Dylan Miller,4.36,x R' U R' D2 R U' R' D2 R2,-1.0010441247486705,22.0%,9,9.38,10,10.42,125,2,0,0,0,0,0,4,1,0,0,0,2,0,1
11093,Dylan Miller,5.06,U' R' U L' U2 R U' R' U2 R L,-1.2493189572756223,17.6%,11,12.36,11,12.36,125,3,2,2,0,0,0,4,0,0,0,0,0,0,0
11092,Dylan Miller,4.98,F' U' F R2 u R' U R U' R u' R2' U',0.38220137075863375,27.1%,13,9.63,13,9.63,125,4,0,0,0,2,0,3,2,0,0,0,0,0,0
11091,Dylan Miller,4.51,U' R2' U' R U' R U R' U R2 D' U R U' R' D U',0.13392653823168157,28.4%,17,13.28,17,13.28,125,8,0,0,0,0,0,5,2,0,0,2,0,2,0
11090,Dylan Miller,7.01,R2 U' R2' D R2 U' R2' U R2 U D' R2' U',0.34673353754049774,19.1%,13,9.7,13,9.7,125,5,0,0,0,0,0,0,6,0,0,2,0,1,0
11088,Dylan Miller,6.26,U R' U2 R' D' R U' R' D R U R U' R' U' R U',0.8787510358125373,23.8%,17,11.41,17,11.41,125,6,1,0,0,0,0,8,0,0,0,2,0,0,0
11087,Dylan Miller,4.78,R U R' F' R U R' U' R' F R2 U' R' U',-1.5330616230207101,16.9%,14,17.28,14,17.28,125,5,0,0,0,2,0,6,1,0,0,0,0,0,0
11086,Dylan Miller,4.28,M2' U' M2' U' M' U2' M2' U2' M' U,-0.3271552936040868,26.9%,10,8.7,10,8.7,125,3,2,0,0,0,0,0,0,0,0,0,0,0,0
11085,Dylan Miller,4.91,R' D' R U2 R' D R U R' D' R U R' D R,1.0560902019032175,31.4%,15,9.74,15,9.74,125,2,1,0,0,0,0,8,0,0,0,4,0,0,0
11084,Dylan Miller,5.59,U' R' U R' d' R' F' R2 U' R' U R' F R F U2',0.27579787110422566,23.6%,16,12.12,16,12.12,125,4,1,0,0,3,0,6,1,0,0,0,0,0,2
11083,Dylan Miller,4.41,U R U R' U' R' F R2 U' R' U' R U R' F' U',-0.46902662647663007,25.2%,16,14.41,16,14.41,125,7,0,0,0,2,0,6,1,0,0,0,0,0,0
11082,Dylan Miller,5.02,U' R' R3 U R' U R' U' R U' R2 D U' R' U R D',1.2334293679938977,31.7%,17,10.69,17,10.69,125,7,0,0,0,0,0,7,1,0,0,2,0,1,1
11080,Dylan Miller,4.04,U' R' U R' U' R3 U' R' U R U R2',-0.8237049586579903,25.0%,12,11.88,12,11.88,125,6,0,0,0,0,0,5,1,0,0,0,0,0,1
11079,Dylan Miller,4.44,R U R' U' D R2 U' R U' R' U R' U R2 D' U2',1.1624937015576255,35.4%,16,10.19,16,10.19,125,6,1,0,0,0,0,5,2,0,0,2,0,2,1
11029,Yiheng Wang,3.88,R U R' U' R' F R2 U' R' U' R U R' F' U,-1.1900714165707247,19.3%,15,20.0,15,20.0,202,6,0,0,0,2,0,6,1,0,0,0,0,0,0
11027,Yiheng Wang,4.55,U2' U L' U' L F L' U' L U L F' L2' U L,1.0771215246387118,30.3%,15,10.87,15,10.87,202,5,1,6,1,2,0,0,0,0,0,0,0,0,0
11026,Yiheng Wang,5.16,U' R2' U R U R' U' R3 U' R' U R' U',1.0051471455526988,26.4%,13,9.56,13,9.56,202,7,0,0,0,0,0,5,1,0,0,0,0,0,1
11025,Yiheng Wang,3.83,R U' R' U' R U R D R' U' R D' R' U2 R',0.0694802174345184,28.7%,15,13.64,15,13.64,202,4,1,0,0,0,0,8,0,0,0,2,0,0,0
11024,Luke Garrett,8.12,R' U' R U D' R2 U R' U R U' R U' R2' U,-0.19512690836051486,15.4%,15,12.0,15,12.0,62,7,0,0,0,0,0,5,2,0,0,1,0,1,0
11023,Luke Garrett,10.96,U y x R' U R' D2 R U' R' D2 R2,1.4269336482900252,15.8%,10,5.78,12,6.94,62,3,0,0,0,0,0,4,1,0,0,0,2,0,1
11022,Luke Garrett,4.92,U2 R U' R' U' R U R D R' U' R D' R' U2 R',-0.2289198366240678,25.2%,16,12.9,16,12.9,62,4,2,0,0,0,0,8,0,0,0,2,0,0,0
11021,Luke Garrett,6.09,U R' U' F' R U R' U' R' F R2 U' R' U' R U R' U R U2',0.007630661220802836,21.5%,20,15.27,20,15.27,62,8,1,0,0,2,0,8,1,0,0,0,0,0,0
11020,Luke Garrett,4.75,U R U' R' U' R U R D R' U' R D' R' U2 R' U,-0.12754105183340897,26.7%,17,13.39,17,13.39,62,6,1,0,0,0,0,8,0,0,0,2,0,0,0
11019,Kyle Santucci,5.32,U' R' U R' U' R3 U' R' U R U R2',-1.9259615731591204,16.9%,12,13.33,12,13.33,28,6,0,0,0,0,0,5,1,0,0,0,0,0,1
11017,Kyle Santucci,5.98,R U R' U' R' F R2 U' R' U' R U R' F',-0.4672824800451635,20.6%,14,11.38,14,11.38,28,5,0,0,0,2,0,6,1,0,0,0,0,0,0
11016,Kyle Santucci,6.2,U R' U' R U D' R2 U R' U R U' R U' R2' D,0.37256305841438736,22.9%,16,11.27,16,11.27,28,7,0,0,0,0,0,5,2,0,0,2,0,1,0
11015,Kyle Santucci,5.65,R' U2' R U2' R' F R U R' U' R' F' R2 U',0.37256305841438736,25.1%,14,9.86,14,9.86,28,3,2,0,0,2,0,6,1,0,0,0,0,0,0
11014,Kyle Santucci,5.23,U R U R' U' D R2 U' R U' R' U R' U R2 D' U',-0.3788776865231054,23.9%,17,13.6,17,13.6,28,8,0,0,0,0,0,5,2,0,0,2,0,2,1
11013,Kyle Santucci,5.94,U R' U R' U' R D' R' D R' U D' R2 U' R2' D R2 U2',1.919646945050403,29.8%,18,10.17,18,10.17,28,5,1,0,0,0,0,5,3,0,0,4,0,1,1
11012,Kyle Santucci,7.91,U' U x R' U R' D2 R U' R' D2 R2 x' U,0.6819798357415907,18.8%,12,8.05,14,9.4,28,5,0,0,0,0,0,4,1,0,0,0,2,0,1
11009,Dylan Miller,5.39,R' U R U' R' F' U' F R U R' F R' F' R U' R U',0.6304762032855852,26.3%,18,12.68,18,12.68,125,6,0,0,0,4,0,8,0,0,0,0,0,0,0
11008,Dylan Miller,6.97,U' M2' U M U2' M' U M2',2.332932197756113,27.3%,8,4.21,8,4.21,125,3,1,0,0,0,0,0,0,0,0,0,0,0,0
11006,Dylan Miller,6.31,U' F R U' R' U' R U R' F' R U R' U' R' F R F' U,0.48860487041304107,21.9%,19,13.77,19,13.77,125,7,0,0,0,4,0,8,0,0,0,0,0,0,0
11005,Dylan Miller,4.7,U R U R' U' R' F R2 U' R' U' R U R' F',-1.1074476244030782,19.8%,15,16.13,15,16.13,125,6,0,0,0,2,0,6,1,0,0,0,0,0,0
11004,Dylan Miller,5.4,U' R U R' U R' U' R2 U' R' U R' U R,-0.7527692922217183,19.1%,14,13.59,14,13.59,125,7,0,0,0,0,0,6,1,0,0,0,0,0,2
11003,Dylan Miller,7.69,R U' R U R U R U' R' U' R2 U2',0.41766920397676977,17.7%,12,8.82,12,8.82,125,5,1,0,0,0,0,5,1,0,0,0,0,0,0
11002,Dylan Miller,6.06,U R U R' U' R' F R2 U' R' U' R U R' F' U',0.3112657043223617,21.9%,16,12.03,16,12.03,125,7,0,0,0,2,0,6,1,0,0,0,0,0,0
11001,Dylan Miller,5.93,U' U R U' R2' D' R U R' D R U' R U' R' U R U R' U,0.7723475361581292,24.6%,20,13.7,20,13.7,125,9,0,0,0,0,0,8,1,0,0,2,0,0,0
11000,Dylan Miller,5.6,R2 U' R2' D R2 U' R2' U R2 D' U R2' U2',1.0206223686850815,27.3%,13,8.5,13,8.5,125,4,1,0,0,0,0,0,6,0,0,2,0,1,0
10999,Dylan Miller,4.78,U' R U R' U' R' F R2 U' R' U' R U R' F',-0.46902662647663007,23.2%,15,13.51,15,13.51,125,6,0,0,0,2,0,6,1,0,0,0,0,0,0
10998,Dylan Miller,7.38,U' M2' U' M2' U' M' U2' M2' U2' M',-0.2207517939496787,16.0%,10,8.47,10,8.47,125,3,2,0,0,0,0,0,0,0,0,0,0,0,0
10996,Dylan Miller,5.12,U x R' U R' D2 R U' R' D2 R2,0.027523038577273493,24.4%,10,8.0,11,8.8,125,3,0,0,0,0,0,4,1,0,0,0,2,0,1
10995,Dylan Miller,5.25,x R2' D2 R U R' D2 R U' R x' U,0.38220137075863375,25.7%,10,7.41,12,8.89,125,3,0,0,0,0,0,4,1,0,0,0,2,0,0
10974,Luke Garrett,5.73,U' x R2' F R F' R U' r' r U' r' U r U2',1.0214185091273906,28.1%,14,8.7,15,9.32,62,4,1,0,0,2,0,2,1,0,0,0,0,0,0
10973,Luke Garrett,4.96,R2' u' R U' R U R' D x' U2 L F' L' F,-0.1613339800969619,25.4%,13,10.32,14,11.11,62,2,1,2,0,2,0,3,1,0,0,1,0,0,0
10972,Luke Garrett,9.04,U' R U R' U R' U' R2 U' R' U R' U R U,-0.972364258422232,11.3%,15,14.71,15,14.71,62,8,0,0,0,0,0,6,1,0,0,0,0,0,2
10971,Luke Garrett,4.95,U' U' R U' R' U' R U R D R' U' R D' R' U2 R',1.0890043656544957,32.9%,17,10.43,17,10.43,62,6,1,0,0,0,0,8,0,0,0,2,0,0,0
10970,Luke Garrett,5.46,U x R' U R' D2 R U' R' D2 R2 x' U2,-0.904778401895126,19.0%,11,10.58,13,12.5,62,3,1,0,0,0,0,4,1,0,0,0,2,0,1
10969,Kyle Santucci,5.5,R' U2 R' D' R U' R' D R U R U' R' U' R U,0.19575347137027121,25.1%,16,11.59,16,11.59,28,5,1,0,0,0,0,8,0,0,0,2,0,0,0
10968,Kyle Santucci,5.88,M2' U M2' U2 M2' U M2',-0.11366330595693112,22.3%,7,5.34,7,5.34,28,2,1,0,0,0,0,0,0,0,0,0,0,0,0
10967,Kyle Santucci,5.37,M' U M2' U M2' U M' U2 M2',-0.6440920670892797,22.2%,9,7.56,9,7.56,28,3,1,0,0,0,0,0,0,0,0,0,0,0,0
10966,Kyle Santucci,5.81,U' U' R' U L' U2 R U' R' U2 R L,-0.42308008328413443,21.3%,12,9.68,12,9.68,28,4,2,2,0,0,0,4,0,0,0,0,0,0,0
10953,DongSoo Park,5.28,R' U R' U' R3 U' R' U R U R2',-0.978800228147356,19.9%,11,10.48,11,10.48,9,5,0,0,0,0,0,5,1,0,0,0,0,0,1
10952,DongSoo Park,5.57,U' R' U R' U' R3 U' R' U R U R2',-0.23340620825052366,22.8%,12,9.45,12,9.45,9,6,0,0,0,0,0,5,1,0,0,0,0,0,1
10951,DongSoo Park,7.77,U R2' U R U R' U' R3 U' R' U R',-1.012681774506303,13.4%,12,11.54,12,11.54,9,6,0,0,0,0,0,5,1,0,0,0,0,0,1
10949,DongSoo Park,5.05,R' U R' U' R3 U' R' U R U R2',-0.877155589070515,21.4%,11,10.19,11,10.19,9,5,0,0,0,0,0,5,1,0,0,0,0,0,1
10948,Dylan Miller,5.3,U' R' U R' d' R' F' R2 U' R' U R' F R F U2',1.0206223686850815,28.9%,16,10.46,16,10.46,125,4,1,0,0,3,0,6,1,0,0,0,0,0,2
10947,Dylan Miller,6.16,U2' R' U R' d' R' F' R2 U' R' U R' F R F U2',1.2334293679938977,25.8%,16,10.06,16,10.06,125,3,2,0,0,3,0,6,1,0,0,0,0,0,2
10946,Dylan Miller,5.36,M2' U M' U2' M U M2' U',-0.8946406250942625,18.5%,8,8.08,8,8.08,125,3,1,0,0,0,0,0,0,0,0,0,0,0,0
10944,Dylan Miller,4.6,F' U' F R2 u R' U R U' R u' R2' U2',-0.14981612751340664,26.1%,13,10.83,13,10.83,125,3,1,0,0,2,0,3,2,0,0,0,0,0,0
10943,Dylan Miller,4.87,U2 x R2' D2 R U R' D2 R U' R,-0.3626231268222228,23.4%,10,8.77,11,9.65,125,2,1,0,0,0,0,4,1,0,0,0,2,0,0
10942,Dylan Miller,5.82,R U' R2' D' R U R' D R U' R U' R' U R U R' U',0.8787510358125373,25.6%,18,12.08,18,12.08,125,7,0,0,0,0,0,8,1,0,0,2,0,0,0
10941,Dylan Miller,5.09,L' U' L F L' U' L U L F' L2' U L,0.1693943714498176,25.3%,13,10.08,13,10.08,125,4,0,6,1,2,0,0,0,0,0,0,0,0,0
10939,Dylan Miller,5.12,U2' R' U' F' R U R' U' R' F R2 U' R' U' R U R' U R U2',0.7368797029399933,28.3%,20,13.79,20,13.79,125,7,2,0,0,2,0,8,1,0,0,0,0,0,0
10938,Dylan Miller,4.53,U' R U R' U R' U' R2 U' R' U R' U R,-1.1074476244030782,20.5%,14,15.05,14,15.05,125,7,0,0,0,0,0,6,1,0,0,0,0,0,2
10937,Dylan Miller,6.06,U' F' U' F R2 u R' U R U' R u' R2' U',0.1693943714498176,21.3%,14,10.85,14,10.85,125,5,0,0,0,2,0,3,2,0,0,0,0,0,0
10910,Yiheng Wang,4.72,U R U' R' U' R U R D R' U' R D' R' U2 R' U2',0.0694802174345184,23.3%,17,15.45,17,15.45,202,5,2,0,0,0,0,8,0,0,0,2,0,0,0
10909,Yiheng Wang,5.91,R U' R U R' D R D' R U' D R2' U R2 D' R2' l,-0.6142763838826135,15.4%,17,18.68,17,18.68,202,4,0,0,0,0,0,5,3,0,0,4,0,1,0
10908,Yiheng Wang,5.19,M2' U2 M2' U M2' U2 M2' U,1.4729806096117883,28.7%,8,5.37,8,5.37,202,2,2,0,0,0,0,0,0,0,0,0,0,0,0
10907,Yiheng Wang,4.09,U' R U R' U' R' F R2 U' R' U F' L' U L,-0.9381610897696763,20.0%,15,18.29,15,18.29,202,6,0,2,0,2,0,4,1,0,0,0,0,0,0
10906,Yiheng Wang,4.63,x R' D2 R U R' D2 R U' R x' U',-0.11045573028051643,22.7%,10,9.52,12,11.43,202,3,0,0,0,0,0,5,0,0,0,0,2,0,0
10905,Yiheng Wang,4.19,U' R U' R' U' R U R D R' U' R D' R' U2 R' U2',0.033493027891511436,26.0%,17,15.6,17,15.6,202,5,2,0,0,0,0,8,0,0,0,2,0,0,0
10904,Yiheng Wang,4.46,U R U R' U R' U' R2 U' R' U R' U R U2,-0.7942123315976484,19.3%,15,17.44,15,17.44,202,7,1,0,0,0,0,6,1,0,0,0,0,0,2
10903,Yiheng Wang,4.5,U2' F' U' F R2 u R' U R U' R u' R2' U,1.0771215246387118,30.7%,14,10.14,14,10.14,202,4,1,0,0,2,0,3,2,0,0,0,0,0,0
10902,Yiheng Wang,4.05,U' R U R' U' R' F R2 U' R' U F' L' U L,0.14145459652053233,27.7%,15,13.39,15,13.39,202,6,0,2,0,2,0,4,1,0,0,0,0,0,0
10901,Yiheng Wang,4.35,U' R U' R' U' R U R D R' U' R D' R' U2 R' U,0.9691599560096917,31.0%,17,12.59,17,12.59,202,6,1,0,0,0,0,8,0,0,0,2,0,0,0
10900,Yiheng Wang,4.73,U' R U R' U R' U' R2 U' R' U R' U R,-1.1540842270277176,16.1%,14,18.42,14,18.42,202,7,0,0,0,0,0,6,1,0,0,0,0,0,2
10899,Yiheng Wang,5.5,U' U' x R2' D2 R U R' D2 R U' R x' U',2.048775642299899,30.0%,12,7.27,14,8.48,202,5,0,0,0,0,0,4,1,0,0,0,2,0,0
10897,Yiheng Wang,4.02,L' U' L F L' U' L U L F' L2' U L U',-0.39835324662457217,24.1%,14,14.43,14,14.43,202,5,0,6,1,2,0,0,0,0,0,0,0,0,0
10896,Yiheng Wang,4.66,U2 R' U' F' R U R' U' R' F R2 U' R' U' R U R' U R,-0.1464429198235234,22.3%,19,18.27,19,18.27,202,7,1,0,0,2,0,8,1,0,0,0,0,0,0
10895,Yiheng Wang,3.73,U' x R2' D2 R U R' D2 R U' R,-0.4343404361675791,25.7%,10,10.42,11,11.46,202,3,0,0,0,0,0,4,1,0,0,0,2,0,0
10894,Yiheng Wang,5.43,U' R U' R U R' D R D' R U' D R2' U R2 D' R2' U2',2.15673721092892,30.9%,18,10.71,18,10.71,202,5,1,0,0,0,0,5,3,0,0,4,0,1,0
10892,Yiheng Wang,5.36,U' U' x R' U R' D2 R U' R' D2 R2 x' U',1.3650190409827676,27.2%,12,8.22,14,9.59,202,5,0,0,0,0,0,4,1,0,0,0,2,0,1
10891,Yiheng Wang,5.7,U R' U2' R U2' R' F R U R' U' R' F' R2 U2',0.0694802174345184,19.3%,15,13.64,15,13.64,202,3,3,0,0,2,0,6,1,0,0,0,0,0,0
10889,Matty Hiroto Inaba,3.96,U' R U R' U' R' F R2 U' R' U' R U R' F' U,-0.8469420808788288,23.5%,16,17.2,16,17.2,72,7,0,0,0,2,0,6,1,0,0,0,0,0,0
10888,Matty Hiroto Inaba,3.71,U R' U R' U' R2 U' R' U R' U R U2',-1.5000853409139145,19.1%,13,18.31,13,18.31,72,6,1,0,0,0,0,5,1,0,0,0,0,0,2
10859,Feliks Zemdegs,5.51,U R' U' F' R U R' U' R' F R2 U' R' U' R U R' U R,0.5922257348646388,28.3%,19,12.18,19,12.18,12,8,0,0,0,2,0,8,1,0,0,0,0,0,0
10858,Feliks Zemdegs,6.74,R2 U' R U' R U R' U R2 D' U R U' R' D,-0.08003050471143729,21.1%,15,10.56,15,10.56,12,6,0,0,0,0,0,5,2,0,0,2,0,1,0
10857,Feliks Zemdegs,6.03,R' U2 R' D' R U' R' D R U R U' R' U' R,0.5922257348646388,25.9%,15,9.62,15,9.62,12,4,1,0,0,0,0,8,0,0,0,2,0,0,0
10855,Feliks Zemdegs,5.69,U' R U R U R U' R' U' R2 U,-1.0884148640755504,21.3%,11,9.09,11,9.09,12,6,0,0,0,0,0,4,1,0,0,0,0,0,0
10823,Kyle Santucci,5.22,U' R' U L' U2 R U' R' U2 R L U,-0.2020680994789892,24.7%,12,9.3,12,9.3,28,4,2,2,0,0,0,4,0,0,0,0,0,0,0
10821,Kyle Santucci,5.5,U' R' U R' U' R3 U' R' U R U R2' U,-1.3955328120267725,18.5%,13,12.75,13,12.75,28,7,0,0,0,0,0,5,1,0,0,0,0,0,1
10820,Kyle Santucci,5.86,U' M' U M2' U M2' U M' U2 M2',0.018943884326156006,22.9%,10,7.46,10,7.46,28,4,1,0,0,0,0,0,0,0,0,0,0,0,0
10819,Kyle Santucci,5.84,U L' U' L F L' U' L U L F' L2' U L U2,0.018943884326156006,22.9%,15,11.19,15,11.19,28,5,1,6,1,2,0,0,0,0,0,0,0,0,0
10816,Yiheng Wang,3.96,U x R2' D2 R U R' D2 R U' R,0.1774417860635385,28.5%,10,8.85,11,9.73,202,3,0,0,0,0,0,4,1,0,0,0,2,0,0
10815,Yiheng Wang,4.0,U L' U' L F L' U' L U L F' L2' U L U,-0.9021739002266692,20.8%,15,18.07,15,18.07,202,6,0,6,1,2,0,0,0,0,0,0,0,0,0
10814,Yiheng Wang,4.81,R U R' U' R' F R2 U' R' U' R U R' F' U',-0.9741482793126828,16.8%,15,18.52,15,18.52,202,6,0,0,0,2,0,6,1,0,0,0,0,0,0
10813,Yiheng Wang,3.98,U R2' U R U R' U' R3 U' R' U R' U',-0.7222379525116345,22.1%,13,14.77,13,14.77,202,7,0,0,0,0,0,5,1,0,0,0,0,0,1
10812,Yiheng Wang,4.76,R U' R' U' R U R D R' U' R D' R' U2 R',0.3933649233215803,25.0%,15,12.61,15,12.61,202,4,1,0,0,0,0,8,0,0,0,2,0,0,0
10780,Yiheng Wang,3.98,R U R' U' R' F R2 U' R' U' R U R' F',-1.1900714165707247,18.8%,14,18.67,14,18.67,202,5,0,0,0,2,0,6,1,0,0,0,0,0,0
10779,Yiheng Wang,3.76,U2' R U R' U' R' F R2 U' R' U' R U R' F',-0.9021739002266692,22.1%,15,18.07,15,18.07,202,5,1,0,0,2,0,6,1,0,0,0,0,0,0
10770,DongSoo Park,8.02,U R U R' U R' U' R2 U' R' U R' U R U U,2.206065129593655,24.8%,16,8.04,16,8.04,9,9,0,0,0,0,0,6,1,0,0,0,0,0,2
10769,DongSoo Park,6.08,U2 R' U L' U2 R U' R' U2 R r,0.240935440774733,23.2%,11,7.8,11,7.8,9,2,3,1,0,0,0,4,0,0,0,0,0,0,0
10768,DongSoo Park,6.29,R' U2 R' D' R U' R' D R U R U' R' U' R U,0.4103431725694678,23.2%,16,10.96,16,10.96,9,5,1,0,0,0,0,8,0,0,0,2,0,0,0
10767,DongSoo Park,5.93,U' R' U R' U' R D' R' D R' U D' R2 U' R2' D R2 U',0.30869853349262694,24.1%,18,12.59,18,12.59,9,6,0,0,0,0,0,5,3,0,0,4,0,1,1
10766,DongSoo Park,6.79,U R' U L' U2 R U' R' U2 R L U2,-0.06399847645578886,19.4%,12,9.09,12,9.09,9,3,3,2,0,0,0,4,0,0,0,0,0,0,0
10765,Ruihang Xu,6.28,U R2' U' R U' R U R' U R2 D' U R U' R' D U2,0.42944665516755676,20.9%,17,12.98,17,12.98,42,7,1,0,0,0,0,5,2,0,0,2,0,2,0
10764,Ruihang Xu,4.84,R U' R U R U R U' R' U' R2 U' U',-0.22573478028038296,23.6%,13,11.4,13,11.4,42,7,0,0,0,0,0,5,1,0,0,0,0,0,0
10763,Ruihang Xu,5.52,U R2 U R U R' U' R2 U' U R U' R' U R' U,0.35236648629132855,23.4%,16,12.4,16,12.4,42,9,0,0,0,0,0,5,2,0,0,0,0,0,1
10762,Ruihang Xu,4.0,U' U' M' U' M2' U' M2' U' M' U2' M2',0.7763074151105829,35.0%,11,7.86,11,7.86,42,5,1,0,0,0,0,0,0,0,0,0,0,0,0
10761,Ruihang Xu,5.79,U' R' U' F' R U R' U' R' F R2 U' R' U' R U R' U R U',2.0095901171302333,29.7%,20,11.63,20,11.63,42,9,0,0,0,2,0,8,1,0,0,0,0,0,0
10758,Seung Hyuk Nahm,5.38,R U R' U R' U' R2 U' R' U R' U R U,-0.12250936273809801,28.8%,14,9.03,14,9.03,13,7,0,0,0,0,0,6,1,0,0,0,0,0,2
10757,Seung Hyuk Nahm,6.22,U R' U R' U' R2 U' R' U R' U R,-1.892089046732848,15.3%,12,12.63,12,12.63,13,6,0,0,0,0,0,5,1,0,0,0,0,0,2
10756,Seung Hyuk Nahm,5.31,U' R2 U R' U R' U' R U' R2 D U' R' U R D' U' U',0.05444860566137711,30.3%,18,11.18,18,11.18,13,9,0,0,0,0,0,5,2,0,0,2,0,2,1
10743,Kyle Santucci,7.46,U R U' R U R' D R D' R U' D R2' U R2 D' R2' U,-0.2020680994789892,17.3%,18,13.95,18,13.95,28,6,0,0,0,0,0,5,3,0,0,4,0,1,0
10739,Kyle Santucci,5.1,U' U' R U R' U' D R2 U' R U' R' U R' U R2 D',-0.5998896703282506,23.5%,17,14.17,17,14.17,28,8,0,0,0,0,0,5,2,0,0,2,0,1,1
10732,Dylan Miller,5.1,F R U' R' U' R U R' F' R U R' U' R' F R F',-0.5044944596947661,21.6%,17,15.45,17,15.45,125,5,0,0,0,4,0,8,0,0,0,0,0,0,0
10731,Dylan Miller,4.29,U' R' U L' U2 R U' R' U2 R r,-1.1429154576212142,21.4%,11,11.96,11,11.96,125,3,2,1,0,0,0,4,0,0,0,0,0,0,0
10729,Dylan Miller,4.7,R U R2' F' R U R U' R' F R U' R' U',-0.5044944596947661,23.4%,14,12.73,14,12.73,125,5,0,0,0,2,0,6,1,0,0,0,0,0,0
10728,Dylan Miller,5.9,U' M2' U' M U2' M' U' M2' U2',-1.1074476244030782,15.8%,9,9.68,9,9.68,125,3,2,0,0,0,0,0,0,0,0,0,0,0,0
10726,Leo Borromeo,5.24,U' U' x' R U' R' D R U R' D' R U R' D R U' R' D',0.17210683427073786,27.1%,18,12.68,19,13.38,18,6,0,0,0,0,0,8,0,0,0,4,0,0,0
10725,Leo Borromeo,5.16,R' U R' U' R D' R' D R' U D' R2 U' R2' D R2 U' U',0.8749969305361054,32.8%,18,10.65,18,10.65,18,6,0,0,0,0,0,5,3,0,0,4,0,1,1
10724,Leo Borromeo,5.03,U R' U R' U' R2 U' R' U R' U R U',-1.7543326888269357,13.5%,13,19.12,13,19.12,18,7,0,0,0,0,0,5,1,0,0,0,0,0,2
10723,Leo Borromeo,5.42,U2' R U' R' U' R U R D R' U' R D' R' U2 R',0.8229309974794115,30.8%,16,9.58,16,9.58,18,4,2,0,0,0,0,8,0,0,0,2,0,0,0
10722,Leo Borromeo,5.97,R U R' U' R' F R2 U' R' U' R U R' F' U,0.25020573385577877,24.3%,15,10.34,15,10.34,18,6,0,0,0,2,0,6,1,0,0,0,0,0,0
10720,Matty Hiroto Inaba,4.21,U R U R' U' D R2 U' R U' R' U R' U R2 D' U,2.0625142592774606,45.4%,17,8.9,17,8.9,72,8,0,0,0,0,0,5,2,0,0,2,0,2,1
10719,Matty Hiroto Inaba,6.27,U R U R' F' R U2 R' U2' R' F R U R U2' R' U2,2.032825929275866,30.3%,17,8.95,17,8.95,72,3,4,0,0,2,0,8,0,0,0,0,0,0,0
10717,Matty Hiroto Inaba,4.28,R U R' U R' U' R2 U' R' U R' U2 U' R U',-0.1047338308389593,27.6%,15,12.71,15,12.71,72,7,1,0,0,0,0,6,1,0,0,0,0,0,2
10716,Matty Hiroto Inaba,4.78,U' U2' R' U R' d' R' F' R2 U' R' U R' F R F U2',0.39996777918815263,28.2%,17,12.59,17,12.59,72,4,2,0,0,3,0,6,1,0,0,0,0,0,2
10714,Matty Hiroto Inaba,7.12,U U' R' U L' U2 R U' R' U2 R L U,0.5187210991945312,19.5%,13,9.35,13,9.35,72,5,2,2,0,0,0,4,0,0,0,0,0,0,0
10713,Matty Hiroto Inaba,3.98,M2' U M U2 M' U M2' U2,-0.4906821208596913,26.4%,8,7.62,8,7.62,72,2,2,0,0,0,0,0,0,0,0,0,0,0,0
10712,Matty Hiroto Inaba,4.95,U' R U R' F' R U R' U' R' F R2 U' R' U',-0.550058780862881,20.8%,15,14.56,15,14.56,72,6,0,0,0,2,0,6,1,0,0,0,0,0,0
10710,Ruihang Xu,5.58,U' R' U R U R' U' R' D' R U R' D R U2 R U',0.814847499548697,25.3%,17,12.06,17,12.06,42,6,1,0,0,0,0,8,0,0,0,2,0,0,0
10708,Ruihang Xu,4.31,U' R U R' U R' U' R2 U' R' U R' U R,-1.4975575667381467,18.8%,14,17.28,14,17.28,42,7,0,0,0,0,0,6,1,0,0,0,0,0,2
10706,Ruihang Xu,5.2,U' x R2' F R F' R U2' r' U r U2',0.7763074151105829,26.9%,11,7.86,12,8.57,42,2,2,0,0,2,0,2,1,0,0,0,0,0,0
10700,Yiheng Wang,4.27,U R R' U R' U' F' R U R' U' R' F R2 U' R' U' R U R' U R U2',0.8611983873806708,30.9%,23,17.42,23,17.42,202,9,1,0,0,2,0,10,1,0,0,0,0,0,1
10699,Yiheng Wang,5.64,U' F' R U R' U' R' F R2 U' R' U' R U R' U R,0.033493027891511436,19.3%,17,15.6,17,15.6,202,7,0,0,0,2,0,7,1,0,0,0,0,0,0
10698,Yiheng Wang,4.69,U' R' U' F' R U R' U' R' F R2 U' R' U' R U R' U R U,0.21342897560654547,24.3%,20,17.54,20,17.54,202,9,0,0,0,2,0,8,1,0,0,0,0,0,0
10697,Yiheng Wang,3.98,U' R U R' U R' U' R2 U' R' U R' U R U2,0.10546740697752537,27.9%,15,13.51,15,13.51,202,7,1,0,0,0,0,6,1,0,0,0,0,0,2
10696,Yiheng Wang,4.42,R U R' U R' U' R2 U' R' U R' U R,-0.8661867106836623,19.0%,13,15.48,13,15.48,202,6,0,0,0,0,0,6,1,0,0,0,0,0,2
10695,Kyle Santucci,5.19,x R' U R' D2 R U' R' D2 R2,0.1073486778482141,26.2%,9,6.62,10,7.35,28,2,0,0,0,0,0,4,1,0,0,0,2,0,1
10694,Kyle Santucci,7.09,U x R' U R' D2 R U' R' D2 R2,0.991396613068794,22.0%,10,6.41,11,7.05,28,3,0,0,0,0,0,4,1,0,0,0,2,0,1
10693,Kyle Santucci,6.73,U' R' U' F' R U R' U' R' F R2 U' R' U' R U R' U R U,1.6102301677231996,25.3%,20,11.76,20,11.76,28,9,0,0,0,2,0,8,1,0,0,0,0,0,0
10691,Kyle Santucci,4.96,U' R' U R' U' R3 U' R' U R U R2' U',-1.130318431460598,21.8%,13,12.04,13,12.04,28,7,0,0,0,0,0,5,1,0,0,0,0,0,1
10680,Leo Borromeo,3.68,R U R' U R' U' R2 U' R' U R' U R,-1.4940030235434663,21.2%,13,16.67,13,16.67,18,6,0,0,0,0,0,6,1,0,0,0,0,0,2
10671,Yiheng Wang,3.38,R2' U R U R' U' R3 U' R' U R' U',-1.1540842270277176,22.5%,12,15.79,12,15.79,202,6,0,0,0,0,0,5,1,0,0,0,0,0,1
10669,Dylan Miller,6.14,U2' R' U' F' R U R' U' R' F R2 U' R' U' R U R' U R U,1.3043650344301696,26.2%,20,12.42,20,12.42,125,8,1,0,0,2,0,8,1,0,0,0,0,0,0
10667,Dylan Miller,4.9,U2' F R U' R' U' R U R' F' R U R' U' R' F R F' U',1.623575533393393,34.7%,19,11.18,19,11.18,125,6,1,0,0,4,0,8,0,0,0,0,0,0,0
10665,Dylan Miller,5.14,U' R' U' F' R U R' U' R' F R2 U' R' U' R U R' U R U2',0.9496867022488094,29.4%,20,13.25,20,13.25,125,8,1,0,0,2,0,8,1,0,0,0,0,0,0
10627,Kyle Santucci,3.81,R U' R' U' R U R' U R' D' R U' R' D R2 U R' U',-0.33467528976207633,33.1%,18,14.29,18,14.29,28,7,0,0,0,0,0,8,1,0,0,2,0,0,1
10626,Dylan Miller,5.65,M' U' M' U2' M U' M2' U,-1.0365119579668065,16.8%,8,8.42,8,8.42,125,3,1,0,0,0,0,0,0,0,0,0,0,0,0
10625,Dylan Miller,5.97,M2' U' M2' U2' M2' U' M2',-1.2138511240574863,15.1%,7,7.78,7,7.78,125,2,1,0,0,0,0,0,0,0,0,0,0,0,0
10624,Dylan Miller,5.9,U U' F' U' F R2 u R' U R U' R u' R2' U,0.9142188690306734,25.4%,15,10.0,15,10.0,125,6,0,0,0,2,0,3,2,0,0,0,0,0,0
10623,Dylan Miller,4.7,R R2' U' R U D' R2 U R' U R U' R U' R2' D,0.3112657043223617,28.3%,16,12.03,16,12.03,125,6,0,0,0,0,0,5,3,0,0,2,0,1,0
10622,Dylan Miller,6.16,U' M2' U M' U2' M U M2',-1.3557224569300304,14.0%,8,9.3,8,9.3,125,3,1,0,0,0,0,0,0,0,0,0,0,0,0
10617,Luke Garrett,4.16,M2' U M' U2 M U M' R',-1.682015751956843,19.5%,8,9.88,8,9.88,62,2,1,0,0,0,0,1,0,0,0,0,0,0,0
10615,Yiheng Wang,4.02,R U R' F' R U R' U' R' F R2 U' R' U2,-0.9381610897696763,20.4%,14,17.07,14,17.07,202,4,1,0,0,2,0,6,1,0,0,0,0,0,0
10614,Yiheng Wang,4.59,U' x' R2 D2 R' U' R D2 R' U R',-0.6862507629686275,19.4%,10,11.24,11,12.36,202,3,0,0,0,0,0,4,1,0,0,0,2,0,1
10613,Yiheng Wang,4.48,U2' R2 F2 R U2 R U2' R' F R U R' U' R' F R2 U',1.4369934200687815,33.0%,17,11.49,17,11.49,202,3,3,0,0,2,1,6,2,0,0,0,0,0,0
10612,Yiheng Wang,3.97,R U R' U' R' F R2 U' R' U' R U R' F',-0.39835324662457217,24.4%,14,14.43,14,14.43,202,5,0,0,0,2,0,6,1,0,0,0,0,0,0
10611,Yiheng Wang,6.11,U' U' R2' F2 R U U R U2' R' F R U R' U' R' F R2,2.9844425704180795,31.3%,18,9.42,18,9.42,202,6,1,0,0,2,1,6,2,0,0,0,0,0,0
10525,Matty Hiroto Inaba,4.95,U' R U R' U R U R' F' R U R' U' R' F R2 U' R' U2 R U' R' U,1.201552689231212,32.7%,23,14.2,23,14.2,72,9,1,0,0,2,0,10,1,0,0,0,0,0,0
10524,Matty Hiroto Inaba,4.95,R' U R' U' R D' R' D R' U D' R2 U' R2' D R2 U2',0.45934443919134227,27.7%,17,12.41,17,12.41,72,4,1,0,0,0,0,5,3,0,0,4,0,1,1
10523,Matty Hiroto Inaba,4.63,U2' R U R' F' R U R' U' R' F R2 U' R' U',-0.995383730886803,19.0%,15,17.05,15,17.05,72,5,1,0,0,2,0,6,1,0,0,0,0,0,0
