solve_id,solver,solve_time,pll,pll_time,Split,STM,STPS,ETM,ETPS
12926,Radosław Marcinek,6.27,,0.00,0.0%,0,n/a,0,n/a
12925,Radosław Marcinek,4.37,,0.00,0.0%,0,n/a,0,n/a
12924,Radosław Marcinek,5.71,,0.00,0.0%,0,n/a,0,n/a
12923,Radosław Marcinek,6.40,,0.00,0.0%,0,n/a,0,n/a
12922,Radosław Marcinek,5.18,R' U' R U D' R2 U R' U R U' R U' R2' U D,1.31,25.3%,16,12.21,16,12.21
12921,Dylan Miller,4.40,U U' R2 U R' U R' U' R U' R2 D U' R' U R D' U2',1.37,31.1%,18,13.14,18,13.14
12920,Dylan Miller,4.60,U' R' U2 R' D' R U' R' D R U R U' R' U' R,1.03,22.4%,16,15.53,16,15.53
12919,Dylan Miller,5.26,U' R2 U R' U R' U' R U' R2 U' D R' U R D' U,1.53,29.1%,17,11.11,17,11.11
12918,Dylan Miller,6.72,U U' R' U' R U D' R2 U R' U R U' R U' R2' U' D U',1.95,29.0%,19,9.74,19,9.74
12917,Dylan Miller,4.27,U R U R' F' R U R' U' R' F R2 U' R' U,0.84,19.7%,15,17.86,15,17.86
12916,Dylan Miller,5.46,U x R2' D2 R U R' D2 R U' R x' U',1.46,26.7%,11,7.53,13,8.90
12915,Dylan Miller,5.42,M2' U' M U2' M' U' M2',0.89,16.4%,7,7.87,7,7.87
12914,Dylan Miller,4.46,,0.00,0.0%,0,n/a,0,n/a
12913,Dylan Miller,4.67,U R U R' U' D R2 U' R U' R' U R' U R2 D' U2',1.47,31.5%,17,11.56,17,11.56
12912,Dylan Miller,5.18,U2' R U R' U' D R2 U' R U' R' U R' U R2 D' U2',1.28,24.7%,17,13.28,17,13.28
12911,Dylan Miller,5.41,U L' U' L F L' U' L U L F' L2' U L,1.34,24.8%,14,10.45,14,10.45
12910,Dylan Miller,4.60,U' x R2' D2 R U R' D2 R U' R,1.00,21.7%,10,10.00,11,11.00
12903,Ryan Pilat,4.18,,0.00,0.0%,0,n/a,0,n/a
12891,Matty Hiroto Inaba,3.54,U' R2 U R' U R' U' R U' R2 D U' R' U R U' D' U',1.14,32.2%,18,15.79,18,15.79
12889,Andrew Feng,4.78,U' R U R' U' R' F R2 U' R' U' R U R' F' U',0.85,17.8%,16,18.82,16,18.82
12888,Andrew Feng,5.92,U' R U' R' U' R U D' D R D R' U' R D' R' U2 R' U,2.05,34.6%,19,9.27,19,9.27
12887,Andrew Feng,4.08,,0.00,0.0%,0,n/a,0,n/a
12886,Andrew Feng,4.16,,0.00,0.0%,0,n/a,0,n/a
12885,Andrew Feng,4.97,,0.00,0.0%,0,n/a,0,n/a
12874,Seung Hyuk Nahm,4.81,,0.00,0.0%,0,n/a,0,n/a
12873,Seung Hyuk Nahm,7.89,x' R U' R D2 R' U R D2 R2',2.29,29.0%,9,3.93,10,4.37
12872,Seung Hyuk Nahm,4.69,,0.00,0.0%,0,n/a,0,n/a
12871,Seung Hyuk Nahm,5.49,U' R U U' U' R' U' R U R D R' U' R D' R' U2 R' U',1.96,35.7%,19,9.69,19,9.69
12870,Seung Hyuk Nahm,5.60,,0.00,0.0%,0,n/a,0,n/a
12869,Ruihang Xu,5.42,x R2' F R F' R U2' r' U r U2',1.15,21.2%,10,8.70,11,9.57
12868,Ruihang Xu,5.30,U2' R U' R' U' R U R' U R' D' R U' R' D R2 U R' U,1.83,34.5%,19,10.38,19,10.38
12867,Ruihang Xu,4.17,U' R U R' U' D R2 U' R U' R' U R' U R2 u',1.14,27.3%,16,14.04,16,14.04
12866,Ruihang Xu,4.13,M2' U M U2' M' U M2' U',0.96,23.2%,8,8.33,8,8.33
12865,Ruihang Xu,4.84,U R U R' F' R U R' U' R' F R2 U' R',0.94,19.4%,14,14.89,14,14.89
12859,Dylan Miller,4.79,U' M2' U' M' U2' M U' M2' U',1.19,24.8%,9,7.56,9,7.56
12858,Dylan Miller,5.22,U R' U' F' R U R' U' R' F R2 U' R' U' R U R' U R U',1.22,23.4%,20,16.39,20,16.39
12857,Dylan Miller,5.19,,0.00,0.0%,0,n/a,0,n/a
12856,Dylan Miller,4.30,M2' U' M' U2' M U' M2',0.83,19.3%,7,8.43,7,8.43
12855,Dylan Miller,5.98,U R' U2 R' D' R U' R' D R U R U' R' U' R U,1.28,21.4%,17,13.28,17,13.28
12854,Dylan Miller,4.32,,0.00,0.0%,0,n/a,0,n/a
12853,Dylan Miller,5.83,R U R2' F' R U R U' R' F R U' R' U',0.96,16.5%,14,14.58,14,14.58
12852,Dylan Miller,4.46,U' R2' U' R U' R U R' U R2 D' U R U' R' D,1.26,28.3%,16,12.70,16,12.70
12851,Dylan Miller,5.17,U' R U R' F' R R' U' R U U' R' U R U R' U' R' F R2 U' R',1.50,29.0%,22,14.67,22,14.67
12850,Dylan Miller,4.66,U x R' U R' D2 R U' R' D2 R2 x' U2,1.16,24.9%,11,9.48,13,11.21
12849,Dylan Miller,8.51,R U R' U R' U' R2 U' R' U R' U R U,0.78,9.2%,14,17.95,14,17.95
12848,Dylan Miller,4.30,,0.10,2.3%,1,10.00,1,10.00
12847,Kyle Santucci,3.52,r' D' F r U' r' F' D r2 U r' U' r' F r F',1.19,33.8%,16,13.45,16,13.45
12846,Kyle Santucci,5.80,U' R U' R' U' R U R D R' U' D' D R D' R' U2 R',1.53,26.4%,18,11.76,18,11.76
12845,Kyle Santucci,4.65,,0.00,0.0%,0,n/a,0,n/a
12844,Kyle Santucci,3.66,,0.00,0.0%,0,n/a,0,n/a
12843,Kyle Santucci,3.40,R U R' F' R U R' U' R' F R2 U' R' U2,0.83,24.4%,14,16.87,14,16.87
12837,Brenton Angelo Lo Wong,6.03,,0.00,0.0%,0,n/a,0,n/a
12836,Brenton Angelo Lo Wong,7.93,L' U R' U2 L U' L' U2 L R L R' x L' l,2.33,29.4%,14,6.01,15,6.44
12835,Brenton Angelo Lo Wong,6.03,,0.00,0.0%,0,n/a,0,n/a
12834,Brenton Angelo Lo Wong,6.40,U R U R' U R U R' F' R U R' U' R' F R2 U' R' U2 R U' R',1.30,20.3%,22,16.92,22,16.92
12833,Brenton Angelo Lo Wong,6.08,U' R U R' F' R U R' U' R' F R2 U' R' U2,1.21,19.9%,15,12.40,15,12.40
12832,Leo Borromeo,3.36,,0.00,0.0%,0,n/a,0,n/a
12831,Leo Borromeo,6.67,,0.00,0.0%,0,n/a,0,n/a
12830,Leo Borromeo,5.24,,0.00,0.0%,0,n/a,0,n/a
12829,Leo Borromeo,6.73,U R U' U R' R2' F2 R U2 R U2' R' F R U R' U' R' F R2,1.75,26.0%,20,11.43,20,11.43
12828,Leo Borromeo,6.16,M' U M2' U M2' U M' U2 M2',1.31,21.3%,9,6.87,9,6.87
12827,Leo Borromeo,5.15,,0.00,0.0%,0,n/a,0,n/a
12826,Leo Borromeo,5.62,U2' F R U' R' U' R U R' F' R U R' U' R' F R F' U,1.60,28.5%,19,11.88,19,11.88
12825,Leo Borromeo,5.82,U2' R' U L' U2 R U' R' U2 R u,0.90,15.5%,11,12.22,11,12.22
12824,Leo Borromeo,5.99,R U R' U R U R' F' R U R' U' R' F R2 U' R' U2 R U' R',2.77,46.2%,21,7.58,21,7.58
12823,Leo Borromeo,5.06,U' L' U R' U2 L U' L' U2 L R,1.23,24.3%,11,8.94,11,8.94
12822,Leo Borromeo,4.94,U2' R' U R' U' R D' R' D R' U D' R2 U' R2' D R2 U',1.27,25.7%,18,14.17,18,14.17
12821,Leo Borromeo,4.97,U' R U R' U' D R2 U' R U' R' U R' U R2 D',1.49,30.0%,0,0.00,0,0.00
12820,Leo Borromeo,5.58,l' U R' D2 R U' R' D2 R2 B2,1.66,29.7%,10,6.02,10,6.02
12819,Leo Borromeo,5.04,,0.00,0.0%,0,n/a,0,n/a
12818,Leo Borromeo,7.82,U' U' R' U' R U D' R2 U R' U R U' R U' R2' D U' U',2.07,26.5%,19,9.18,19,9.18
12817,Leo Borromeo,5.94,U' R U R' F' R U R' U' R' F R2 U' R',0.91,15.3%,14,15.38,14,15.38
12816,Leo Borromeo,6.50,,0.00,0.0%,0,n/a,0,n/a
12815,Leo Borromeo,5.77,R U' R' U' R U R' U R' D' R U' R' D R2 U R' U,1.05,18.2%,18,17.14,18,17.14
12814,Leo Borromeo,4.87,U2 R U R' U' D R2 U' R U' R' U R' U R2 D' U',1.72,35.3%,17,9.88,17,9.88
12813,Leo Borromeo,4.60,,0.00,0.0%,0,n/a,0,n/a
12812,Leo Borromeo,5.53,M' U M2' U M2' U M' U2 M2',1.21,21.9%,9,7.44,9,7.44
12791,Olaf Kuźmiński,3.98,,0.00,0.0%,0,n/a,0,n/a
12790,Seung Hyuk Nahm,7.95,,0.00,0.0%,0,n/a,0,n/a
12789,Seung Hyuk Nahm,5.38,,0.00,0.0%,0,n/a,0,n/a
12788,Seung Hyuk Nahm,5.26,,0.00,0.0%,0,n/a,0,n/a
12787,Seung Hyuk Nahm,6.01,x R2' D2 R U R' D2 R U' R x' U',1.81,30.1%,10,5.52,12,6.63
12786,Seung Hyuk Nahm,4.92,,0.00,0.0%,0,n/a,0,n/a
12780,Ruihang Xu,4.11,U' U' R U R' D U' R2 U' R U' R' U R' U R2 U' D',1.58,38.4%,18,11.39,18,11.39
12779,Dylan Miller,5.75,U2' R' U2 R' D' R U' R' D R U R U' R' U' R U,1.32,23.0%,17,12.88,17,12.88
12778,Dylan Miller,5.50,U' R U R' F' R U R' U' R' F R2 U' R',1.07,19.5%,14,13.08,14,13.08
12777,Dylan Miller,5.29,,1.26,23.8%,16,12.70,16,12.70
12776,Dylan Miller,4.95,M2' U' M' U2' M U' M2' U,0.92,18.6%,8,8.70,8,8.70
12775,Dylan Miller,6.01,U2 R U R' U' R' F R2 U' R' U' R U R' F' U,1.18,19.6%,16,13.56,16,13.56
12774,Dylan Miller,4.05,R U R' U' R' F R2 U' R' U' R U R' F',1.08,26.7%,14,12.96,14,12.96
12773,Dylan Miller,5.10,R' U L' U2 R U' R' U2 R r,0.90,17.6%,10,11.11,10,11.11
12772,Dylan Miller,5.34,,0.77,14.4%,1,1.30,1,1.30
12771,Dylan Miller,6.60,,1.83,27.7%,10,5.46,10,5.46
12770,Dylan Miller,5.13,R U R' U' R' F R2 U' R' U' R U R' F',1.30,25.3%,14,10.77,14,10.77
12769,Dylan Miller,5.02,R' D' R U' R' D R U' R' D' R U2 R' D R,1.39,27.7%,15,10.79,15,10.79
12768,Dylan Miller,4.94,U' M2' U' M' U2' M U' M2' U,0.84,17.0%,9,10.71,9,10.71
12767,Dylan Miller,6.00,U' R2 U' R2' D R2 U' R2' U R2 U D' R2' U',0.97,16.2%,14,14.43,14,14.43
12766,Dylan Miller,5.70,U2' R' U2 R' D' R U' R' D R U R U' R' U' R,1.27,22.3%,16,12.60,16,12.60
12765,Dylan Miller,5.00,M2' U' M U2' M' U' M2' U',1.13,22.6%,8,7.08,8,7.08
12764,Dylan Miller,4.23,U R U R' U' R' F R2 U' R' U' R U R' F',1.03,24.3%,15,14.56,15,14.56
12763,Dylan Miller,4.84,F' U' F R2 u R' U R U' R u' R2' U2',1.34,27.7%,13,9.70,13,9.70
12762,Dylan Miller,5.39,U' R U R' U' R' F R2 U' R' U' R U R' F',1.06,19.7%,15,14.15,15,14.15
12761,Dylan Miller,4.91,R' U' R' D' R U' R' D R U R' D' R U R' D R2,1.14,23.2%,17,14.91,17,14.91
12760,Dylan Miller,4.83,U R U R' U R' U' R2 U' R' U R' U R U,0.86,17.8%,15,17.44,15,17.44
12759,Dylan Miller,5.92,R2' U R U R' U' R3 U' R' U R',0.92,15.5%,11,11.96,11,11.96
12758,Dylan Miller,5.00,R U R' F' R U R' U' R' F R2 U' R',0.87,17.4%,13,14.94,13,14.94
12757,Dylan Miller,4.64,R' U2 R' D' R U' R' D R U R U' R' U' R,1.34,28.9%,15,11.19,15,11.19
12756,Dylan Miller,5.16,,0.00,0.0%,0,n/a,0,n/a
12755,Dylan Miller,4.65,U R U R' F' R U R' U' R' F R2 U' R' U,0.98,21.1%,15,15.31,15,15.31
12754,Dylan Miller,5.74,U2' x R' U R' D2 R U' R' D2 R2 x' U',1.57,27.4%,11,7.01,13,8.28
12753,Dylan Miller,5.38,U R U' R' U' R U R' U R' D' R U' R' D R2 U R' U,1.31,24.3%,19,14.50,19,14.50
12752,Dylan Miller,5.44,R2 U R' U R' U' R U' R2 D U' R' U R D' U,1.41,25.9%,16,11.35,16,11.35
12751,Dylan Miller,7.08,U2' R' U R U' R' F' U' R R' F R U R' F R' F' R U' R,2.18,30.8%,20,9.17,20,9.17
12750,Dylan Miller,5.20,U R U R' U R' U' R2 U' R' U R' U R U2',1.03,19.8%,15,14.56,15,14.56
12749,Dylan Miller,5.16,,0.56,10.9%,1,1.79,1,1.79
12743,Yiheng Wang,3.40,U R U R' F' R U R' U' R' R R' F R2 U' R' U2,1.07,31.5%,17,15.89,17,15.89
12721,Max Park,4.96,U' R' U' F' R U R' U' R' F R2 U' R' U' R U R' U R U',1.29,26.0%,20,15.50,20,15.50
12720,Max Park,5.26,R' U U R U' U' R' F R U R' U' R' F' R2 U',1.46,27.8%,16,10.96,16,10.96
12719,Max Park,4.50,R U R' F' R U R' U' R' F R2 U' R' U2,1.20,26.7%,14,11.67,14,11.67
12718,Max Park,5.84,u' R U R' U' D R2 U' R U' R' U R' U R2 U' U',1.47,25.2%,17,11.56,17,11.56
12711,Timofei Tarasenko,4.93,R U R' F' R U R' U' R' F R2 U' R' U,1.11,22.5%,14,12.61,14,12.61
12710,Timofei Tarasenko,5.33,R U R' U' D R2 U' R U' R' U R' U R2 U' U' D',1.71,32.1%,17,9.94,17,9.94
12709,Timofei Tarasenko,5.33,U' R U R' F' R U2 R' U2' R' F R U R U2' R' U',1.68,31.5%,17,10.12,17,10.12
12708,Timofei Tarasenko,5.10,U R' U' R U D' R2 U R' U R U' R U' R2' D U' U',1.57,30.8%,18,11.46,18,11.46
12707,Timofei Tarasenko,5.62,U R' D2' R U' R' D2' R2 x' U',0.94,16.7%,9,9.57,10,10.64
12682,Yiheng Wang,3.99,U' x' R2 D2 R' U' R D2 R' U R' x U,1.22,30.6%,11,9.02,13,10.66
12681,Yiheng Wang,5.62,U' D' R U R' U' D R2 U' R U' R' U R' U R2 U2',1.62,28.8%,17,10.49,17,10.49
12680,Yiheng Wang,3.89,x' R2 D2 R' U' R D2 R' U R',1.02,26.2%,9,8.82,10,9.80
12679,Yiheng Wang,4.73,R2' F2 R U2 R U2' R' F R U R' U' R' F R2 U',1.63,34.5%,16,9.82,16,9.82
12678,Yiheng Wang,4.39,U U2' R' U2' R U2' R' F R U R' U' R' F' R2 U,n/a,n/a,16,n/a,16,n/a
12677,Yiheng Wang,3.97,U D' R2 U R' U R' U' R U' R2 U' D R' U R U,1.77,44.6%,17,9.60,17,9.60
12676,Yiheng Wang,4.89,U' R U R' F' R U R' U' R' F R2 U' R',0.92,18.8%,14,15.22,14,15.22
12675,Yiheng Wang,4.51,U2 x R2' D2 R U R' D2 R U' R x' U,1.21,26.8%,11,9.09,13,10.74
12674,Yiheng Wang,4.06,U' R' U2' R U2' R' F R U R' U' R' F' R2 U',1.06,26.1%,15,14.15,15,14.15
12673,Yiheng Wang,3.83,R' U' F' R U R' U' R' F R2 U' R' U' R U R' U R,1.06,27.7%,18,16.98,18,16.98
12672,Yiheng Wang,3.87,F R U' R' U' R U R' F' R U R' U' R' F R F' U2,1.14,29.5%,18,15.79,18,15.79
12671,Yiheng Wang,4.53,,1.36,30.0%,2,1.47,4,2.94
12670,Yiheng Wang,4.44,U R U' R' U' R U R D R' U' R D' R' U2 R' U',0.94,21.2%,17,18.09,17,18.09
12649,Teodor Zajder,3.70,,0.00,0.0%,0,n/a,0,n/a
12647,Viraj Dhameja,6.81,x' R U' R' D R U R' D' R U R' D R U' R' D' F',n/a,n/a,17,n/a,18,n/a
12646,Viraj Dhameja,5.33,,n/a,n/a,0,n/a,0,n/a
12645,Viraj Dhameja,5.14,R U R' U R' U' R2 U' R' U R' U R U2',n/a,n/a,14,n/a,14,n/a
12644,Viraj Dhameja,6.74,U x' R U' R' D R U R' D' R U R' D R U' R' D',n/a,n/a,17,n/a,18,n/a
12643,Viraj Dhameja,7.02,U' R U R' U' D R2 U' R U' R' U R' U R2 D',n/a,n/a,16,n/a,16,n/a
12637,Yiheng Wang,3.64,U' x' R U' R D2 R' U R D2 R2',1.21,33.2%,10,8.26,11,9.09
12636,Matty Hiroto Inaba,3.64,M2' U M2' U2 M2' U M2',0.87,23.9%,7,8.05,7,8.05
12635,Yiheng Wang,3.76,R' U2' R U2' R' F R U R' U' R' F' R2 U2',1.29,34.3%,14,10.85,14,10.85
12633,Yufang Du,3.94,U' U2' R U R' F' R U R' U' R' F R2 U' R' U,1.44,36.5%,16,11.11,16,11.11
12632,Zhen Chen,3.91,,0.14,3.6%,1,7.14,1,7.14
12631,Matty Hiroto Inaba,3.52,U R U R' U' R' F R2 U' R' U F' L' U L,0.89,25.3%,15,16.85,15,16.85
12629,Yiheng Wang,3.54,U' D' R2 U R' U R' U' R U' R2 U' D R' U R,1.01,28.5%,16,15.84,16,15.84
12627,Yiheng Wang,3.93,U2' R U R' U' R' F R2 U' R' U' R U R' F',0.73,18.6%,15,20.55,15,20.55
12626,Yiheng Wang,3.94,U R' U' R U D' R2 U R' U R U' R U' R2' D U,0.94,23.9%,17,18.09,17,18.09
12624,Yiheng Wang,3.78,U R U' R' U' R U R D R' U' R D' R' U2 R' U',0.81,21.4%,17,20.99,17,20.99
12620,Yiheng Wang,3.78,U R2' F2 R U2 R U2' R' F R U R' U' R' F R2 U,1.28,33.9%,17,13.28,17,13.28
12577,Luke Garrett,3.79,,0.00,0.0%,0,n/a,0,n/a
12576,Luke Garrett,3.89,,0.97,24.9%,14,14.43,14,14.43
12575,Luke Garrett,4.26,U R' U' F' R U R' U' R' F R2 U' R' U' R U R' U R U2',1.13,26.5%,20,17.70,20,17.70
12568,Olaf Kuźmiński,3.87,M2' U' M2' U2' M2' U' M2' U2',0.97,25.1%,8,8.25,8,8.25
12564,Teodor Zajder,2.76,,0.00,0.0%,0,n/a,0,n/a
12563,Yiheng Wang,3.23,x R' D2 R U R' D2 R U' R x' U,0.93,28.8%,10,10.75,12,12.90
12561,Yiheng Wang,3.62,U' R U R' U R' U' R2 U' R' U R' U R U',0.75,20.7%,15,20.00,15,20.00
12560,Yiheng Wang,3.77,U2 R U R' F' R U R' U' R' F R2 U' R' U2,0.80,21.2%,15,18.75,15,18.75
12559,Yiheng Wang,3.78,U' R U R' F' R U R' U' R' R R' F R2 U' R' U2,1.11,29.4%,17,15.32,17,15.32
12558,Yiheng Wang,3.08,x R' U R' D2 R U' R' D2 R2,0.75,24.4%,9,12.00,10,13.33
12551,Yiheng Wang,3.75,,0.00,0.0%,0,n/a,0,n/a
12550,Yiheng Wang,4.20,R U R' F' R U R' U' R' F R2 U' R' U2 R U' R' U,0.83,19.8%,18,21.69,18,21.69
12549,Yiheng Wang,3.65,U2 L' U' L F L' U' L U L F' L2' U L,0.85,23.3%,14,16.47,14,16.47
12548,Ruihang Xu,3.35,U' R U R' U' R' F R2 U' R' U' R U R' F',0.95,28.4%,15,15.79,15,15.79
12547,Ruihang Xu,4.50,U F R U' R' U' R U R' F' R U R' U' R' F R F' U,1.10,24.4%,19,17.27,19,17.27
12546,Luke Garrett,3.88,,0.00,0.0%,0,n/a,0,n/a
12545,Hansen Yu,3.61,U R' U R' U' R3 U' R' U R U R2',1.08,29.9%,12,11.11,12,11.11
12544,Dylan Miller,3.62,,0.15,4.1%,1,6.67,1,6.67
12543,Ruihang Xu,5.10,U U' F' U' F R2 u R' U R U' R u' R2',1.33,26.1%,14,10.53,14,10.53
12542,Ruihang Xu,4.48,U' R U R' U' R' F R2 U' R' U' R U R' F',1.35,30.1%,15,11.11,15,11.11
12541,Ruihang Xu,4.75,U2' R2' U R U R' U' R3 U' R' U R',1.28,26.9%,12,9.38,12,9.38
12540,Ruihang Xu,6.33,U2' R R' r U r' U' r' F r2 U' r' U' r U r' F',1.50,23.7%,17,11.33,17,11.33
12539,Ruihang Xu,4.12,R U R' U R' U' R2 U' R' U R' U R,0.82,19.9%,13,15.85,13,15.85
12538,Luke Garrett,3.19,,0.16,5.0%,1,6.25,1,6.25
12537,Luke Garrett,3.66,U x R2' D2 R U R' D2 R U' R,1.03,28.1%,10,9.71,11,10.68
12536,Luke Garrett,3.80,,0.00,0.0%,0,n/a,0,n/a
12535,Luke Garrett,3.88,,0.21,5.4%,1,4.76,1,4.76
12534,Luke Garrett,4.23,x R2' D2 R U R' D2 R U' R x' U',1.03,24.3%,10,9.71,12,11.65
12533,Luke Garrett,4.31,U' R2 U R' U R' U' R U' R2 U' D R' U R D' U',1.14,26.5%,17,14.91,17,14.91
12532,Luke Garrett,4.42,,0.10,2.3%,1,10.00,1,10.00
12531,Luke Garrett,6.15,U' R U' R' U' R U R D R' U' R D' R' U2 R' U',1.03,16.7%,17,16.50,17,16.50
12530,Luke Garrett,4.21,,0.00,0.0%,0,n/a,0,n/a
12518,Riley Dexter,3.93,,0.00,0.0%,0,n/a,0,n/a
12504,Zhaokun Li,3.39,,0.00,0.0%,0,n/a,0,n/a
12487,Luke Garrett,4.18,,0.00,0.0%,0,n/a,0,n/a
12486,Luke Garrett,4.58,U2 R U R' U' R' F R2 U' R' U F' L' U L,1.41,30.8%,15,10.64,15,10.64
12485,Luke Garrett,4.40,R' U' F' R U R' U' R' F R2 U' R' U' R U R' U R U',1.15,26.1%,19,16.52,19,16.52
12484,Radosław Marcinek,4.86,,0.00,0.0%,0,n/a,0,n/a
12483,Radosław Marcinek,6.40,U' R' U2 R' D' R U' R' D R U R U' R' U' R,1.55,24.2%,16,10.32,16,10.32
12482,Radosław Marcinek,4.80,,0.00,0.0%,0,n/a,0,n/a
12481,Radosław Marcinek,5.81,U' U' R' U2 R' D' R U' R' D R U R U' R' U' R U',1.74,29.9%,18,10.34,18,10.34
12480,Radosław Marcinek,5.06,,0.00,0.0%,0,n/a,0,n/a
12479,Matty Hiroto Inaba,3.35,U' R U R' U R' U' R2 U' R' U R' U R U2',0.88,26.3%,15,17.05,15,17.05
12478,Matty Hiroto Inaba,4.16,R' U2' R U2' R' F R U R' U' R' F' R2 U,1.34,32.2%,14,10.45,14,10.45
12477,Matty Hiroto Inaba,4.11,U' R U R' U R' U' R2 U' R' U R' U R,0.73,17.8%,14,19.18,14,19.18
12476,Matty Hiroto Inaba,5.16,,0.00,0.0%,0,n/a,0,n/a
12475,Matty Hiroto Inaba,4.32,U L' U' L F L' U' L U L F' L2' U L,0.97,22.5%,14,14.43,14,14.43
12469,Zhaokun Li,4.46,R' U' R' F R F' U R,1.23,27.6%,21,17.07,21,17.07
12468,Zhaokun Li,4.22,,0.00,0.0%,0,n/a,0,n/a
12467,Zhaokun Li,4.54,,0.00,0.0%,0,n/a,0,n/a
12466,Zhaokun Li,5.55,,0.00,0.0%,0,n/a,0,n/a
12465,Zhaokun Li,4.76,U2' R U R2' F' r U R U' r' F R U' R',1.03,21.6%,14,13.59,14,13.59
12464,Yiheng Wang,4.05,U D' R2 U R' U R' U' R U' R2 U' D R' U R,0.92,22.7%,16,17.39,16,17.39
12434,Luke Garrett,5.06,U x R' U R' D2 R U' R' D2 y F2 R2,1.73,34.2%,11,6.36,13,7.51
12433,Luke Garrett,4.90,,0.00,0.0%,0,n/a,0,n/a
12432,Luke Garrett,5.47,U' R' U' F' R U R' U' R' F R2 U' R' U' R U R' U R,1.57,28.7%,19,12.10,19,12.10
12431,Luke Garrett,5.06,R' U R' U' R3 U' R' U R U R2',0.74,14.6%,11,14.86,11,14.86
12430,Luke Garrett,4.83,U2 y x R' U R' D2 R U' R' D2 R2,1.65,34.2%,10,6.06,12,7.27
12429,Luke Garrett,5.12,U' U' D' R U R' U' D R2 U' R U' R' U R' U R2 U,1.54,30.1%,18,11.69,18,11.69
12428,Luke Garrett,6.55,M2' U M2' U2 M2' U M2',1.13,17.3%,7,6.19,7,6.19
12427,Luke Garrett,5.09,U' F R U' R' U' R U R' F' R U R' U' R' F R F' U2',1.32,25.9%,19,14.39,19,14.39
12426,Luke Garrett,5.05,U M2' U' M U2 M' U' M2' U2,0.90,17.8%,9,10.00,9,10.00
12425,Luke Garrett,4.14,M2' U' M U2 M' U' M2' U2,1.62,39.1%,8,4.94,8,4.94
12424,Luke Garrett,5.54,M2' U M2' U M' U2 M2' U2 M' U',1.29,23.3%,10,7.75,10,7.75
12423,Luke Garrett,4.64,U x R2' D2 R U R' D2 R U' R x' U',0.91,19.6%,11,12.09,13,14.29
12422,Luke Garrett,5.85,U' R' U' F' R U R' U' R' F R2 U' R' U' R U R' U R U',1.33,22.7%,20,15.04,20,15.04
12421,Luke Garrett,4.88,U R U R' F' R U R' U' R' F R2 U' R' U',1.00,20.5%,15,15.00,15,15.00
12420,Luke Garrett,5.31,R' U' F' R U R' U' R' F R2 U' R' U' R U R' U R U,1.39,26.2%,19,13.67,19,13.67
12419,Luke Garrett,5.54,U' R' U R' U' R3 U' R' U R U R2' U,1.34,24.2%,13,9.70,13,9.70
12418,Luke Garrett,5.51,M2' U M2' U2 M2' U M2',0.99,18.0%,7,7.07,7,7.07
12417,Luke Garrett,5.33,L' U' L F L' U' L U L F' L2' U L U,1.30,24.4%,14,10.77,14,10.77
12416,Luke Garrett,5.35,U' U' F R U' R' U' R U R' F' R U R' U' R' F R F' U,1.97,36.8%,20,10.15,20,10.15
12415,Luke Garrett,4.83,U R2' F' R U R U' R' F R U' R' U',1.20,24.8%,13,10.83,13,10.83
12414,Luke Garrett,5.35,M2' U M2' U M' U2 M2' U2 M' U,1.53,28.6%,10,6.54,10,6.54
12412,Max Siauw,3.94,,0.00,0.0%,0,n/a,0,n/a
12411,Patrick Ponce,4.17,,0.00,0.0%,0,n/a,0,n/a
12388,Matty Hiroto Inaba,3.44,U' U' R' U R' U' R D' R' D R' U D' R2 U' R2' D R2 U,1.17,34.0%,19,16.24,19,16.24
12387,Luke Garrett,3.49,U R U R' F' R U R' U' R' F R2 U' R' U',1.02,29.2%,15,14.71,15,14.71
12385,Andrew Feng,5.68,U R' U' R U D' R2 U R' U R U' R U' R2' D,n/a,n/a,16,n/a,16,n/a
12384,Andrew Feng,6.58,M2' U M2' U2 M2' U M2' U',n/a,n/a,8,n/a,8,n/a
12383,Andrew Feng,5.82,R U R' U R U R' F' R U R' U' R' F R2 U' R' U2 R U' R' U2,n/a,n/a,22,n/a,22,n/a
12382,Andrew Feng,5.22,U' F' U' F R2 u R' U R U' R u' R2' U2',n/a,n/a,14,n/a,14,n/a
12381,Andrew Feng,5.42,x R2' D2 R U R' D2 R U' R,n/a,n/a,9,n/a,10,n/a
12380,Luke Garrett,4.90,U2 R U R' F' R U R' U' R' F R2 U' R' U2',1.10,22.4%,15,13.64,15,13.64
12379,Luke Garrett,4.78,U' R' U' R D' U R2 U R' U R U' R U' R2' D,1.31,27.4%,16,12.21,16,12.21
12378,Luke Garrett,5.99,U' U' R' U2 R' D' R U' R' D R U R U' R' U' R,1.42,23.7%,17,11.97,17,11.97
12377,Luke Garrett,4.51,U' R2 U R' U R' U' R U' R2 U' D R' U R D' U' U',1.51,33.5%,18,11.92,18,11.92
12376,Luke Garrett,4.42,U R U' R' U' R U R D R' U' D' D R D' R' U2 R',1.62,36.7%,18,11.11,18,11.11
12375,Dylan Miller,4.08,R U R' F' R U R' U' R' F R2 U' R2',1.05,25.7%,13,12.38,13,12.38
12340,Yiheng Wang,3.59,R U' R U R' D R D' R U' D R2' U R2 D' R2' U',1.06,29.5%,17,16.04,17,16.04
12334,Ruihang Xu,5.52,F R U' R' U' R U R' F' R U R' U' R' F R F',0.89,16.1%,17,19.10,17,19.10
12333,Ruihang Xu,4.87,U' U R' U' R U' R U R U' R' U R U R2' U' R',1.30,26.7%,17,13.08,17,13.08
12332,Ruihang Xu,5.42,F R U' R' U' R U R' F' R U R' U' R' F R F' U,1.02,18.8%,18,17.65,18,17.65
12331,Ruihang Xu,4.56,R U' R U R U R U' R' U' R2 U' U',1.06,23.2%,13,12.26,13,12.26
12330,Ruihang Xu,4.68,U R' U' R U' R U R U' R' U R U R2' U' R' U,1.25,26.7%,17,13.60,17,13.60
12329,Yiheng Wang,4.07,U' R2' U R U R' U' R3 U' R' U R' U2',0.80,19.7%,13,16.25,13,16.25
12328,Yiheng Wang,3.92,U R' U2' R U2' R' F R U R' U' R' F' R2,0.89,22.7%,14,15.73,14,15.73
12327,Yiheng Wang,5.47,U' x' R U' R' D R U R' D' R U R' D R U' R' D',1.44,26.3%,17,11.81,18,12.50
12326,Yiheng Wang,4.10,U' R2' U R U R' U' R3 U' R' U R' U',1.07,26.1%,13,12.15,13,12.15
12325,Yiheng Wang,4.17,R2' U R U R' U' R3 U' R' U R' U,1.17,28.1%,12,10.26,12,10.26
12324,Yiheng Wang,3.64,U2 R U' R U R' D R D' R U' D R2' U R2 D' R2' U,1.07,29.4%,18,16.82,18,16.82
12321,Matty Hiroto Inaba,2.85,R U R' U R' U' R2 U' R' U R' U R,0.63,22.1%,13,20.63,13,20.63
12300,Matty Hiroto Inaba,3.66,U2 x R' U R' D2 R U' R' D2 R2,0.86,23.5%,10,11.63,11,12.79
12299,Hitesh Kumar Bhuwalka,3.87,,0.00,0.0%,0,n/a,0,n/a
12291,Yiheng Wang,3.44,U R U R' U R' U' R2 U' R' U R' U R,0.81,23.5%,14,17.28,14,17.28
12290,Yiheng Wang,4.99,U R' U2' R U2' R' F R U R' U' R' F' R2 U',1.72,34.5%,15,8.72,15,8.72
12289,Yiheng Wang,4.51,U R U R' U R' U' R2 U' R' U R' U R U',0.71,15.7%,15,21.13,15,21.13
12288,Yiheng Wang,3.91,U' R2' U R U R' U' R3 U' R' U R' U2',0.81,20.7%,13,16.05,13,16.05
12287,Yiheng Wang,3.35,x R' U R' D2 R U' R' D2 R2 x' U',0.88,26.3%,10,11.36,12,13.64
12286,Yiheng Wang,3.71,U M' U M2' U M2' U M' U2 M2' U',1.31,35.3%,11,8.40,11,8.40
12285,Yufang Du,3.46,R U R' U R' U' R2 U' R' U R' U R U2',0.99,28.6%,14,14.14,14,14.14
12284,Matty Hiroto Inaba,6.75,R U' R' U' R U R D R' U' R D' R' U2 R' U',1.35,20.0%,16,11.85,16,11.85
12283,Matty Hiroto Inaba,4.64,U' R2' U R U R' U' R3 U' R' U R',1.61,34.7%,12,7.45,12,7.45
12282,Matty Hiroto Inaba,4.56,x R' U R' D2 R U' R' D2 R2 x' U2,1.03,22.6%,10,9.71,12,11.65
12281,Matty Hiroto Inaba,4.92,U2 R' U2' R U2' R' F R U R' U' R' F' R2 U2',1.15,23.4%,15,13.04,15,13.04
12280,Matty Hiroto Inaba,4.61,U L' U' L F L' U' L U L F' L2' U L,1.11,24.1%,14,12.61,14,12.61
12279,Yiheng Wang,3.75,U R U R' U' R' F R2 U' R' U' R U R' F' U,1.12,29.9%,16,14.29,16,14.29
12278,Yiheng Wang,4.86,U U D' R2 U R' U R' U' R U' R2 D U' R' U R U2',1.06,21.8%,18,16.98,18,16.98
12277,Yiheng Wang,4.15,U' R U R' U R' U' R2 U' R' U R' U R U',0.72,17.3%,15,20.83,15,20.83
12276,Yiheng Wang,3.68,U' R U R' U R' U' R2 U' R' U R' U R U,0.75,20.4%,15,20.00,15,20.00
12275,Yiheng Wang,3.86,U R U' R' U' R U R D R' U' R D' R' U2 R' U,1.16,30.1%,17,14.66,17,14.66
12274,Yiheng Wang,3.53,U2' R U R' F' R U R' U' R' F R2 U' R',0.70,19.8%,14,20.00,14,20.00
12273,Yiheng Wang,3.68,U2' R U R' U' R' F R2 U' R' U' R U R' F' U,0.91,24.7%,16,17.58,16,17.58
12272,Yiheng Wang,3.65,U2' R U R' U' R' F R2 U' R' U' R U R' F' U',0.98,26.8%,16,16.33,16,16.33
12264,Matty Hiroto Inaba,3.83,x U R' U R U R' F' R U R' U' R' F R2 U' R' U2 R U' R' U,1.10,28.7%,21,19.09,22,20.00
12263,Feliks Zemdegs,5.40,U R U R' F' R U R' U' R' F R2 U' R' U',1.30,24.1%,15,11.54,15,11.54
12262,Feliks Zemdegs,4.44,U R' U2' R U' U' R' F R U R' U' R' F' R2 U',1.71,38.5%,16,9.36,16,9.36
12261,Feliks Zemdegs,5.92,x R2' D2 R U R' D2 R U' R x' U,1.55,26.2%,10,6.45,12,7.74
12260,Feliks Zemdegs,5.64,R U R' U' R' F R2 U' R' U F' L' U L,1.16,20.6%,14,12.07,14,12.07
12259,Feliks Zemdegs,7.60,,0.00,0.0%,0,n/a,0,n/a
12258,Matty Hiroto Inaba,2.99,,0.26,8.7%,1,3.85,1,3.85
12257,Feliks Zemdegs,4.93,,1.11,22.5%,15,13.51,15,13.51
12256,Feliks Zemdegs,6.27,R' U' R U D' R2 U R' U R U' R U' R2' U' D U',1.54,24.6%,17,11.04,17,11.04
12255,Feliks Zemdegs,5.96,,0.00,0.0%,0,n/a,0,n/a
12254,Feliks Zemdegs,4.97,x x' R U' R D2 R' U R D2 R2',1.54,31.0%,9,5.84,11,7.14
12253,Feliks Zemdegs,5.84,,0.00,0.0%,0,n/a,0,n/a
12252,Brian Johnson,5.37,,0.00,0.0%,0,n/a,0,n/a
12251,Brian Johnson,5.12,,0.00,0.0%,0,n/a,0,n/a
12250,Brian Johnson,5.32,,0.00,0.0%,0,n/a,0,n/a
12249,Brian Johnson,6.72,x R' U R' D2 R U' R' D2 R2 x' U',1.25,18.6%,10,8.00,12,9.60
12248,Brian Johnson,4.86,,0.00,0.0%,0,n/a,0,n/a
12242,Dylan Miller,3.71,,0.00,0.0%,0,n/a,0,n/a
12241,Dylan Miller,4.16,,0.00,0.0%,0,n/a,0,n/a
12240,Dylan Miller,5.47,R2 R' U' R R' U R U' R2' D R2 U' R2' U R2 U D' R2',1.64,30.0%,18,10.98,18,10.98
12239,Dylan Miller,4.49,U R' U' R U' R U R U' R' U R U R2' U' R',1.86,41.4%,16,8.60,16,8.60
12238,Dylan Miller,4.36,R U' R U R U R U' R' U' R2 U,0.96,22.0%,12,12.50,12,12.50
12237,Dylan Miller,4.53,R' U' R3 U' R' U R U R2' U2',0.80,17.7%,10,12.50,10,12.50
12226,Teodor Zajder,4.63,U2' F R U' R' U' R U R' F' R U R' U' R' F R F' U2,1.83,39.5%,19,10.38,19,10.38
12225,Teodor Zajder,4.70,,0.00,0.0%,0,n/a,0,n/a
12224,Teodor Zajder,4.74,r' D' F r U' r' F' D r2 U r' U' r' F r F' U',1.44,30.4%,17,11.81,17,11.81
12223,Teodor Zajder,4.60,,0.00,0.0%,0,n/a,0,n/a
12222,Teodor Zajder,7.86,,0.00,0.0%,0,n/a,0,n/a
12206,Hrishikesh Kakati,4.74,U' U l' U R' D D R U' R' D2 R2 x' u' u U',2.47,52.1%,15,6.07,16,6.48
12204,Yiheng Wang,3.64,U2' R2' U R U R' U' R3 U' R' U R',0.94,25.8%,12,12.77,12,12.77
12202,Matty Hiroto Inaba,3.64,U L' U2 R U' M' B r' U2 R U' r,0.97,26.6%,12,12.37,12,12.37
12195,Dylan Miller,4.66,U2' R2 U R' U R' U' R U' R2 U' D R' U R D' U,1.43,30.7%,17,11.89,17,11.89
12194,Dylan Miller,4.96,R' U R' U' R3 U' R' U R U R2' U2,0.86,17.3%,12,13.95,12,13.95
12193,Dylan Miller,4.18,U' F' U' F R2 u R' U R U' R u' R2' U',1.35,32.3%,14,10.37,14,10.37
12192,Dylan Miller,4.37,U R U' R2' D' R U R' D R U' R U' R' U R U R' U',1.30,29.7%,19,14.62,19,14.62
12191,Dylan Miller,4.59,R U' R' U' R U R' U R' D' R U' R' D R2 U R' U',1.22,26.6%,18,14.75,18,14.75
12189,Matty Hiroto Inaba,4.29,U2 R U R' U' R' F R2 U' R' U F' L' U L,1.12,26.1%,15,13.39,15,13.39
12188,Matty Hiroto Inaba,4.83,U' R' U R' U' R D' R' D R' U D' R2 U' R2' D R2 U',1.08,22.4%,18,16.67,18,16.67
12187,Matty Hiroto Inaba,5.42,U' R U' R' U' R U R D R' U' R D' R' U2 R',1.09,20.1%,16,14.68,16,14.68
12186,Matty Hiroto Inaba,4.96,U' M2' U M2' U M' U2 M2' U2 M',1.08,21.8%,10,9.26,10,9.26
12185,Matty Hiroto Inaba,4.27,,0.37,8.7%,1,2.70,1,2.70
12184,Matty Hiroto Inaba,4.77,U' R2 U R' U R' U' R U' R R U' D R' U R U' D',1.42,29.8%,18,12.68,18,12.68
12183,Matty Hiroto Inaba,4.56,U R' U' F' R U R' U' R' F R2 U' R' U' R U R' U R U',1.36,29.8%,20,14.71,20,14.71
12182,Matty Hiroto Inaba,4.97,U' R2' F2 R U2 R U2' R' F R U R' U' R' F R2 U2',1.19,23.9%,17,14.29,17,14.29
12181,Matty Hiroto Inaba,4.58,U2 R2 U R' U R' U' R U' R2 U' D R' U R D' U,1.11,24.2%,17,15.32,17,15.32
12180,Matty Hiroto Inaba,4.78,x' R U' R' D R U R' D' R U R' D R U' R' D',1.03,21.5%,16,15.53,17,16.50
12179,Matty Hiroto Inaba,4.89,U2 R U' R' U' R U R D R' U' R D' R' U2 R',1.01,20.7%,16,15.84,16,15.84
12178,Matty Hiroto Inaba,4.56,U F R U' R' U' R U R' F' R U R' U' R' F R F' U2',1.26,27.6%,19,15.08,19,15.08
12149,Yiheng Wang,4.40,R2' U R U R' U' R3 U' R' U R' U',0.80,18.2%,12,15.00,12,15.00
12148,Yiheng Wang,4.01,L' U' L F L' U' L U L F' L2' U L U2,0.91,22.7%,14,15.38,14,15.38
12147,Yiheng Wang,3.77,U' F' R U R' U' R' F R2 U' R' U' R U R' U R,0.94,24.9%,17,18.09,17,18.09
12146,Yiheng Wang,4.25,U' U R U' R U R' D R D' R U'D R2' U R2 D' R2' U',1.35,31.8%,19,14.07,19,14.07
12145,Yiheng Wang,4.06,x' R U' R' D R U R' D' R U R' D R U' R' D',0.96,23.6%,16,16.67,17,17.71
12139,Riley Dexter,4.46,,1.43,32.1%,14,9.79,14,9.79
12138,Max Park,4.66,U U R U' R' U' R U R D R' U' R D' R' U U R' U',n/a,n/a,19,n/a,19,n/a
12137,Kyle Santucci,5.11,R U' R' U' R U R D R' U' R D' R' U2 R' U',n/a,n/a,16,n/a,16,n/a
12131,Max Park,2.99,,0.39,13.0%,1,2.56,1,2.56
12129,Seung Hyuk Nahm,3.02,,0.12,4.0%,1,8.33,1,8.33
12113,Feliks Zemdegs,4.40,,0.00,0.0%,0,n/a,0,n/a
12112,Feliks Zemdegs,4.97,x R' U R' D2 R U' R' D2 R2 B',1.05,21.1%,10,9.52,11,10.48
12111,Feliks Zemdegs,4.78,,0.00,0.0%,0,n/a,0,n/a
12110,Feliks Zemdegs,6.09,U R' U' F' R U R' U' R' F R2 U' R' U' R U R' U R U,1.64,26.9%,20,12.20,20,12.20
12109,Feliks Zemdegs,4.70,U2' R U R' U' R' F R2 U' R' U x U' r' U r,0.00,0.0%,15,n/a,16,n/a
12085,Yufang Du,5.18,U' R2 U R' U R' U' R U' R2 D U' R' U R D' U,1.65,31.9%,17,10.30,17,10.30
12084,Yufang Du,4.39,,0.00,0.0%,0,n/a,0,n/a
12083,Yufang Du,4.67,U2 x' R U' R' D R U R' D' R U R' D R U' R' D',1.47,31.5%,17,11.56,18,12.24
12082,Yufang Du,4.41,U' R U R' F' R U R' U' R' F R2 U' R' U,0.88,20.0%,15,17.05,15,17.05
12081,Yufang Du,4.01,,0.00,0.0%,0,n/a,0,n/a
12064,Luke Garrett,6.63,U' R2' R U R' U' R D' R' D R' U D' R2 U' R2' D R2 U',1.80,27.1%,19,10.56,19,10.56
12063,Luke Garrett,5.33,U' R' R R U' R U R U R U' R' U' R2,1.96,36.8%,14,7.14,14,7.14
12062,Luke Garrett,4.83,U' R2 U R' U R' U' R U' R2 D U' R' U R D',1.38,28.6%,16,11.59,16,11.59
12061,Luke Garrett,4.49,L' U' L F L' U' L U L F' L2' U L U,1.19,26.5%,14,11.76,14,11.76
12060,Luke Garrett,4.33,,0.35,8.1%,1,2.86,1,2.86
12049,Radosław Marcinek,5.20,U2' R U R' U R U R' F' R U R' U' R' F R2 U' R' U2 R U' R' U,1.50,28.8%,23,15.33,23,15.33
12037,Yiheng Wang,4.97,,1.14,22.9%,10,8.77,10,8.77
12036,Yiheng Wang,3.35,U' R U' R' U' R U R D R' U' R D' R' U2 R' U2',1.15,34.3%,17,14.78,17,14.78
12035,Yiheng Wang,3.62,R U R' U R U R' F' R U R' U' R' F R2 U' R' U2 R U' R',0.95,26.2%,21,22.11,21,22.11
12034,Yiheng Wang,4.25,U R U' R' U' R U R D R' U' R D' R' U2 R' U',1.02,24.0%,17,16.67,17,16.67
12033,Yiheng Wang,3.83,U2 R' U2' R U2' R' F R U R' U' R' F' R2 U2',1.06,27.7%,15,14.15,15,14.15
12032,Dylan Miller,7.04,R U R' U' D R2 U' R U' R' U R' U R2 D',1.41,20.0%,15,10.64,15,10.64
12031,Dylan Miller,5.17,R' U2 R' D' R U' R' D R U R U' R' U' R U2',1.60,30.9%,16,10.00,16,10.00
12030,Dylan Miller,5.36,U x R2' D2 R U R' D2 R U' R,1.06,19.8%,10,9.43,11,10.38
12029,Dylan Miller,5.09,F' U' F R2 u R' U R U' R u' R2',1.49,29.3%,12,8.05,12,8.05
12028,Dylan Miller,4.81,U' F R U' R' U' R U R' F' R U R' U' R' F R F',1.41,29.3%,18,12.77,18,12.77
12027,Yiheng Wang,3.92,U2 R2' U R R' R U R' U' R3 U' R' U R' U',n/a,n/a,15,n/a,15,n/a
12026,Yiheng Wang,3.45,U F R U' R' U' R U R' F' R U R' U' R' F R F' U,n/a,n/a,19,n/a,19,n/a
12008,Yiheng Wang,4.31,U R U R' U R' U' R2' U' R' U R' U R,0.71,16.5%,14,19.72,14,19.72
12007,Yiheng Wang,3.39,R U R' F' R U R' U' R' F R2 U' R' U,0.79,23.3%,14,17.72,14,17.72
12006,Yiheng Wang,3.46,,0.23,6.6%,1,4.35,1,4.35
12005,Dylan Miller,5.61,U' R U R' U' R' F R2 U' R' U' R U R' F',1.14,20.3%,15,13.16,15,13.16
12004,Dylan Miller,7.57,U' F U' U  R U' R' U' R U R' f' f F' R U R' U' R' F R F' U2,2.50,33.0%,23,9.20,23,9.20
12003,Dylan Miller,6.47,R U R' F' R U R' U' R' F R2 U' R' U',0.87,13.4%,14,16.09,14,16.09
12002,Dylan Miller,5.46,U' R U R' U R U R' F' R U R' U' R' F R2 U' R' U2 R U' R' U2,1.86,34.1%,23,12.37,23,12.37
12001,Dylan Miller,5.22,R' U R' d' R' F' R2 U' R' U R' F R F,1.25,23.9%,14,11.20,14,11.20
12000,Timofei Tarasenko,5.41,M2' U M2' U M' U2' M2' U2' M',1.44,26.6%,9,6.25,9,6.25
11999,Timofei Tarasenko,5.82,U' R2' F2 R U2' R U' U' R' F R U R' U' R' F f' f R2 U2',2.62,45.0%,20,7.63,20,7.63
11998,Timofei Tarasenko,5.58,M2' U2' M2' U' M2' U2' M2' U',1.15,20.6%,8,6.96,8,6.96
11997,Timofei Tarasenko,4.28,U' R U R' F' R U R' U' R' F R2 U' R' U',0.91,21.3%,15,16.48,15,16.48
11996,Timofei Tarasenko,6.61,U R' U R' U' R3 U' R' U R U R2',1.28,19.4%,12,9.38,12,9.38
11995,Luke Garrett,6.27,R U R' U' R' F R2 R' U' R R' U R U' R' U' R U R' F' U',1.37,21.9%,21,15.33,21,15.33
11994,Luke Garrett,6.04,U U' R' D' R U' R' D R U' R' D' R U2 R' D R,1.34,22.2%,17,12.69,17,12.69
11993,Luke Garrett,5.83,R U R' R R' F' R U R' U' R' F R2 U' R',1.23,21.1%,15,12.20,15,12.20
11992,Luke Garrett,4.68,R U' R' U' R U R D R' U' R D' R' U2 R' U,1.51,32.3%,16,10.60,16,10.60
11991,Luke Garrett,10.36,U2 R U' U R' R2' F R U2' R U2 R' F R U2' U2 R' F2 R2 R' U' R' U R U L' U L U' L' U L U' L' U L U' F' r U R' U' r' F R U' R U R' U R' U' R2 U' R' U R' U R U,6.29,60.7%,60,9.54,60,9.54
11990,Luke Griesser,6.70,M' U' M' U' U M' U' M2' U' M' U2' M2' U,1.77,26.4%,13,7.34,13,7.34
11989,Luke Griesser,5.73,,0.00,0.0%,0,n/a,0,n/a
11988,Luke Griesser,5.94,x L U' L D2' L' U L D2' L2' x' U2,1.04,17.5%,10,9.62,12,11.54
11987,Luke Griesser,5.67,U' R2 R2' U' F R U' R' U' R U R' F' R U R' U' R' F R F' U,1.77,31.2%,22,12.43,22,12.43
11986,Luke Griesser,6.47,M2' U' M2' U2' M2' U' M2' U2',1.20,18.5%,8,6.67,8,6.67
11985,Max Park,5.81,U' R U' R' U' R U R D R' U' R D' R' U U R',1.24,21.3%,17,13.71,17,13.71
11984,Max Park,6.05,U' U U R' U L' U U R U' R' U U R L U',1.55,25.6%,16,10.32,16,10.32
11983,Max Park,5.90,U' R U R' U R' U' R R U' R' U R' U R,1.57,26.6%,15,9.55,15,9.55
11982,Max Park,5.21,U x R2' D D R U R' D D R U' R x' U2,1.31,25.1%,13,9.92,15,11.45
11981,Max Park,6.07,U' x' R U' R' D R U R' D' R U R' D R U' R' D',1.54,25.4%,17,11.04,18,11.69
11980,Olaf Kuźmiński,5.74,,2.01,35.0%,17,8.46,17,8.46
11979,Olaf Kuźmiński,4.76,,0.00,0.0%,0,n/a,0,n/a
11978,Olaf Kuźmiński,5.88,x R2' F R F' R U2' r' U r U2',0.85,14.5%,10,11.76,11,12.94
11977,Olaf Kuźmiński,7.19,,0.00,0.0%,0,n/a,0,n/a
11976,Olaf Kuźmiński,6.62,,2.59,39.1%,20,7.72,20,7.72
11975,Seung Hyuk Nahm,6.60,U U' F R U' R' U' R U R' F' R U R' U' R' F R F' U,1.47,22.3%,20,13.61,20,13.61
11974,Seung Hyuk Nahm,7.89,U' R' U R' U' R3 U' R' U R U R2' U,1.42,18.0%,13,9.15,13,9.15
11973,Seung Hyuk Nahm,5.80,R U' R' U' R U R D R' U' R D' R' U2 R',1.33,22.9%,15,11.28,15,11.28
11972,Seung Hyuk Nahm,6.58,,2.01,30.5%,18,8.96,18,8.96
11971,Seung Hyuk Nahm,5.65,U R' U' R3 U' R' U R U R2' U',1.45,25.7%,11,7.59,11,7.59
11970,Kai-Wen Wang,8.20,U R U' R' U' R U R D R' U' R D' R' U2 R' U,2.03,24.8%,17,8.37,17,8.37
11969,Kai-Wen Wang,9.66,U l' U U' l R' U' u u' U' R U2' R' F R U R' U' R' R R' F' R2 U,3.43,35.5%,24,7.00,24,7.00
11968,Kai-Wen Wang,8.67,U R U R' U' R' F R2 U' R' U' R U R' F',3.20,36.9%,15,4.69,15,4.69
11967,Kai-Wen Wang,6.17,U2 R2 U R' U R' U' R U' R2 U' D R' U U' D' D U R U' D' U',2.17,35.2%,22,10.14,22,10.14
11966,Kai-Wen Wang,6.84,U' U' R' U U R U2' R' F R U R' U' R' F' R2 U2',1.67,24.4%,17,10.18,17,10.18
11965,Teodor Zajder,5.07,R' U' R U D' R2 U R' U R U' R U' R2' D,1.17,23.1%,15,12.82,15,12.82
11964,Teodor Zajder,5.09,U R' U2 R' D' R U' R' D R U R U' R' U' R,1.72,33.8%,16,9.30,16,9.30
11963,Teodor Zajder,6.47,M2' U' M2' U2' M2' U' M' U' U M' U2',1.67,25.8%,11,6.59,11,6.59
11962,Teodor Zajder,5.85,U R' U R' U' R3 U' R' U R U R2',1.18,20.2%,12,10.17,12,10.17
11961,Teodor Zajder,5.57,U' D' R2 U R' U R' U' R U' R2 D U' R' U R,1.20,21.5%,16,13.33,16,13.33
11950,Matty Hiroto Inaba,8.37,U2 U R' U2' R U2' R' F R U R' U' R' F' R2 U2',2.00,23.9%,16,8.00,16,8.00
11949,Matty Hiroto Inaba,5.35,M2' U' M2' U' M' U2 M2' U2 M',1.35,25.2%,9,6.67,9,6.67
11948,Matty Hiroto Inaba,5.72,U R2' U R U R' U' R3 U' R' U R',1.59,27.8%,12,7.55,12,7.55
11947,Matty Hiroto Inaba,5.34,U R U R' F' R U R' U' R' F R2 U' R' U,1.14,21.3%,15,13.16,15,13.16
11946,Matty Hiroto Inaba,5.11,U R' U' F' R U R' U' R' F R2 U' R' U' R R' R U R' U R U2',2.01,39.3%,22,10.95,22,10.95
11935,Yiheng Wang,4.43,U R U' R' U' R U R D R' U' R D' R' U2 R' U,1.43,32.3%,17,11.89,17,11.89
11934,Yiheng Wang,3.94,U' x' R U' R' D R U R' D' R U R' D R U' R' D',1.21,30.7%,17,14.05,18,14.88
11933,Yiheng Wang,4.31,U' R' U R U' R' F' U' F R U R' U' R U' f R f',1.18,27.4%,18,15.25,18,15.25
11932,Yiheng Wang,3.80,x' R2 D2 R' U' R D2 R' U R',0.97,25.5%,9,9.28,10,10.31
11931,Yiheng Wang,5.45,U2 x' R2 D2 R' U' R D2 R' U R',0.82,15.0%,10,12.20,11,13.41
11925,Yiheng Wang,3.62,L' U' L F L' U' L U L F' L2' U L,0.75,20.7%,13,17.33,13,17.33
11923,Timofei Tarasenko,3.72,,0.29,7.8%,1,3.45,1,3.45
11920,Yiheng Wang,3.06,,0.63,20.6%,11,17.46,11,17.46
11919,Ryan Pilat,3.34,,0.00,0.0%,0,n/a,0,n/a
11911,Caleb Chen,3.71,,0.14,3.8%,1,7.14,1,7.14
11910,Kyle Santucci,4.94,,0.99,20.0%,11,11.11,13,13.13
11909,Kyle Santucci,5.23,,0.00,0.0%,0,n/a,0,n/a
11908,Kyle Santucci,5.40,,0.00,0.0%,0,n/a,0,n/a
11907,Kyle Santucci,6.14,U' r' D' F r U' r' F' D r2 U r' U' r' F r F' U,1.61,26.2%,18,11.18,18,11.18
11906,Kyle Santucci,5.27,,0.00,0.0%,0,n/a,0,n/a
11905,Ryan Pilat,5.14,M2' U M U2' M' U M2' U',1.41,27.4%,8,5.67,8,5.67
11904,Ryan Pilat,6.28,R U R' U R U R' F' R U R' U' R' F R2 U' R' U2 R U' R' U2',1.90,30.3%,22,11.58,22,11.58
11903,Ryan Pilat,4.89,,0.00,0.0%,0,n/a,0,n/a
11902,Ryan Pilat,7.38,U2' R U R' U' D R2 U' R U' R' U R' U R2 U' D',1.25,16.9%,17,13.60,17,13.60
11901,Ryan Pilat,3.64,,0.00,0.0%,0,n/a,0,n/a
11894,Bofan Zhang,4.88,U R U R' U' R' F R2 U' R' U' R U R' F' U',1.03,21.1%,16,15.53,16,15.53
11893,Bofan Zhang,5.00,R U R2' F' r U R U' r' F R U' R' U2,1.20,24.0%,14,11.67,14,11.67
11892,Bofan Zhang,6.76,U2' R' U' R U D' R2 U R' U R U' R U' R2' U' D y' U',2.09,30.9%,18,8.61,19,9.09
11891,Bofan Zhang,4.56,U' F' R' F R U' R' F' R2 U R' U' R' F R,1.28,28.1%,15,11.72,15,11.72
11890,Bofan Zhang,5.05,U2 R' U2 R' D' R U' R' D R U R U' R' U' R U2',1.40,27.7%,17,12.14,17,12.14
11889,Luke Garrett,2.39,,0.16,6.7%,1,6.25,1,6.25
11883,Ruihang Xu,4.23,U' R U R' F' R U R' U' R' F R2 U' R' U',0.80,18.9%,15,18.75,15,18.75
11882,Ruihang Xu,4.94,,0.00,0.0%,0,n/a,0,n/a
11881,Ruihang Xu,4.64,U R U R' U' D R2 U' R U' R' U R' U R2 D' U',1.21,26.1%,17,14.05,17,14.05
11880,Ruihang Xu,5.92,U' R2' F2 R U2 R U2' R' F R U R' U' R' F R2,1.49,25.2%,16,10.74,16,10.74
11879,Ruihang Xu,5.15,L' R' U2' R U R' U2' r f' U,0.85,16.5%,10,11.76,10,11.76
11873,Dylan Miller,4.25,,0.22,5.2%,1,4.55,1,4.55
11872,Johnny Morello Kerlaff,7.93,U R U R' F' R U R' U' R' F R2 U' R' U2',n/a,n/a,15,n/a,15,n/a
11871,Johnny Morello Kerlaff,8.21,U' F R U' R' U' R U R' F' R U R' U' R' F R F' U',n/a,n/a,19,n/a,19,n/a
11870,Johnny Morello Kerlaff,7.29,U R' U' F' R U R' U' R' F R2 U' R' R R' U' R U R' U R U,n/a,n/a,22,n/a,22,n/a
11869,Johnny Morello Kerlaff,6.80,,n/a,n/a,16,n/a,16,n/a
11868,Johnny Morello Kerlaff,6.74,U' R2 U R' U R' U' R U' R2 U' D R' U R U' D',n/a,n/a,17,n/a,17,n/a
11862,Luke Garrett,4.39,U' R' U' F' R U R' U' R' F R2 U' R' U' R U R' U R U,1.12,25.5%,20,17.86,20,17.86
11859,Yoochan Hong,4.49,,0.17,3.8%,1,5.88,1,5.88
11858,Max Siauw,4.38,,0.28,6.4%,1,3.57,1,3.57
11857,Yiheng Wang,4.93,U R U' R' U' R U R D R' U' D' D R D' R' U2 R' U,1.50,30.4%,19,12.67,19,12.67
11856,Yiheng Wang,3.81,R U R' U R' U' R2 U' R' U R' U R U',0.74,19.4%,14,18.92,14,18.92
11855,Yiheng Wang,3.70,U F R U' R' U' R U R' F' R U R' U' R' F R F',0.92,24.9%,18,19.57,18,19.57
11854,Yiheng Wang,3.74,U R' U' F' R U R' U' R' F R2 U' R' U' R U R' U R,1.04,27.8%,19,18.27,19,18.27
11853,Yiheng Wang,4.17,U x' R2 D2 R' U' R D2 R' U R' x U,1.10,26.4%,11,10.00,13,11.82
11847,Teodor Zajder,5.30,,1.67,31.5%,17,10.18,17,10.18
11846,Teodor Zajder,4.44,,0.00,0.0%,0,n/a,0,n/a
11845,Teodor Zajder,5.21,x L2 D2' L' U' L D2' L' U L' x' U',1.61,30.9%,10,6.21,12,7.45
11844,Teodor Zajder,4.76,,0.00,0.0%,0,n/a,0,n/a
11843,Teodor Zajder,5.97,U2' R U R' U' D R2 U' R U' R' U R' U R2 D' U,1.30,21.8%,17,13.08,17,13.08
11841,Yiheng Wang,4.15,D' U' R U R' U' D R2 U' R U' R' U R' U R2,0.92,22.2%,16,17.39,16,17.39
11840,Yiheng Wang,4.26,U R2' F2 R U2 R U2' R' F R U R' U' R' F R2,1.43,33.6%,16,11.19,16,11.19
11839,Yiheng Wang,4.68,x' R2 D2 R' U' R D2 R' U R' F,0.95,20.3%,10,10.53,11,11.58
11838,Yiheng Wang,4.81,R2' U R U R' U' R3 U' R' U R' U2',0.98,20.4%,12,12.24,12,12.24
11837,Yiheng Wang,4.32,U x' R U' R' D R U R' D' R U R' D R U' R' D' F,1.55,35.9%,18,11.61,19,12.26
11816,Dylan Miller,4.82,U R U R' U R' U' R2 U' R' U R' U R U,1.02,21.2%,15,14.71,15,14.71
11814,Matty Hiroto Inaba,3.10,R' U' R' F R2 U' R' U' R U R' F',0.73,23.5%,12,16.44,12,16.44
11812,Matty Hiroto Inaba,3.98,U2' R' U R' U' R3 U' R' U R U R2',1.06,26.6%,12,11.32,12,11.32
11811,Matty Hiroto Inaba,4.81,R' U2' R U2' R' F R U R' U' R' F' R2,0.99,20.6%,13,13.13,13,13.13
11810,Matty Hiroto Inaba,4.70,U L' U' L F L' U' L U L F' L2' U L,0.95,20.2%,14,14.74,14,14.74
11809,Matty Hiroto Inaba,3.93,U' y R' U L' U2 R U' R' U2 R r,1.06,27.0%,11,10.38,12,11.32
11808,Matty Hiroto Inaba,5.95,,1.63,27.4%,18,11.04,18,11.04
11807,Matty Hiroto Inaba,3.94,U R' U R' U' R3 U' R' U R U R2',1.32,33.5%,12,9.09,12,9.09
11806,Teodor Zajder,4.28,,0.00,0.0%,0,n/a,0,n/a
11805,Teodor Zajder,4.51,,0.00,0.0%,0,n/a,0,n/a
11804,Teodor Zajder,4.54,,1.54,33.9%,16,10.39,16,10.39
11803,Teodor Zajder,5.52,,1.92,34.8%,14,7.29,14,7.29
11802,Teodor Zajder,7.15,,0.00,0.0%,0,n/a,0,n/a
11750,Đỗ Quang Hưng,8.47,U2 U R U' R' U' R U R D R' U' R D' R' U2 R' U2',n/a,n/a,18,n/a,18,n/a
11749,Đỗ Quang Hưng,5.80,U R' U L' U2 R U' R' U2 R r,n/a,n/a,11,n/a,11,n/a
11748,Đỗ Quang Hưng,5.54,U R U R' U R' U' R2 U' R' U R' U R,n/a,n/a,14,n/a,14,n/a
11747,Đỗ Quang Hưng,5.57,R' U R' U' R3 U' R' U R U R2,n/a,n/a,11,n/a,11,n/a
11746,Đỗ Quang Hưng,6.47,U D R' U' R U D' R2 U R' U R2 U' R R' U R' U' R U' R2' U',n/a,n/a,22,n/a,22,n/a
11741,Yiheng Wang,3.13,,0.06,1.9%,1,16.67,1,16.67
11740,Yiheng Wang,3.42,U' R U R' F' R U R' U' R' F R2 U' R',0.75,21.9%,14,18.67,14,18.67
11739,Yiheng Wang,3.54,U' x R2' D2 R U R' D2 R U' R,0.82,23.2%,10,12.20,11,13.41
11738,Yiheng Wang,3.70,U' R U R' F' R U R' U' R' F R2 U' R' U2',0.85,23.0%,15,17.65,15,17.65
11737,Yiheng Wang,3.77,U R U R' U' R' F R2 U' R' U' R U R' F' U',0.84,22.3%,16,19.05,16,19.05
11713,Teodor Zajder,4.86,,1.53,31.5%,16,10.46,16,10.46
11712,Teodor Zajder,4.83,,0.00,0.0%,0,n/a,0,n/a
11711,Teodor Zajder,5.22,x R2' D D R U R' D D R U' R,1.09,20.9%,11,10.09,12,11.01
11710,Teodor Zajder,5.42,U' R' U' F' R U R' U' R' F R2 U' R' U' R U R' U R U',1.65,30.4%,20,12.12,20,12.12
11709,Teodor Zajder,6.92,,1.52,22.0%,19,12.50,19,12.50
11708,Zhaokun Li,5.14,U' R2' U R U R' U' R3 U' R' U R',0.84,16.3%,12,14.29,12,14.29
11707,Zhaokun Li,4.79,U' U' R2' U R U R' U' R3 U' R' U R' U',1.06,22.1%,14,13.21,14,13.21
11706,Zhaokun Li,5.66,U' r' D' F r U' r' F' D r2 U r' U' r' F r F' U,1.56,27.6%,18,11.54,18,11.54
11705,Zhaokun Li,3.87,,0.00,0.0%,0,n/a,0,n/a
11704,Zhaokun Li,4.90,,0.00,0.0%,0,n/a,0,n/a
11703,Zhaokun Li,4.73,U R2 U R' U R' U' R U' R2 D U' R' U R U' D',0.00,0.0%,17,n/a,17,n/a
11702,Zhaokun Li,4.49,,1.46,32.5%,15,10.27,15,10.27
11701,Zhaokun Li,5.63,U' U' R2 U R' U R' U' R U' R2 D U' R' U R U' D',1.16,20.6%,18,15.52,18,15.52
11700,Zhaokun Li,5.81,U' U' R2 U R' U R' U' R U' R2 D U' R' U R D' U,1.34,23.1%,18,13.43,18,13.43
11699,Zhaokun Li,4.19,,0.00,0.0%,0,n/a,0,n/a
11698,Yufang Du,5.41,U2 F R U' R' U R U R2' F' R U R U' R' U',1.44,26.6%,16,11.11,16,11.11
11697,Yufang Du,4.56,U R U' R' U' R U R D R' U' R D' R' U2 R' U,1.16,25.4%,17,14.66,17,14.66
11696,Yufang Du,4.74,U2' R U R' F' r U R' U' r' F R2 U' R' U2,1.01,21.3%,15,14.85,15,14.85
11695,Yufang Du,4.46,U R U R' F' r U R' U' r' F R2 U' R' U',1.19,26.7%,15,12.61,15,12.61
11694,Yufang Du,4.35,U' R2' U' R U' R U R' U R2 D' U R U' R' D U',0.98,22.5%,17,17.35,17,17.35
11693,Yiheng Wang,6.93,R U' R' R R' U' R U R D R' U' R D' R' U2 R' U,1.30,18.8%,18,13.85,18,13.85
11692,Yiheng Wang,3.95,U' x R2' D2 R U R' D2 R U' R,1.05,26.6%,10,9.52,11,10.48
11691,Yiheng Wang,4.55,U U D' R2 U R' U R' U' R U' R2 D U' R' U R U,1.38,30.3%,18,13.04,18,13.04
11690,Yiheng Wang,4.19,F R U' R' U' R U R' F' R U R' U' R' F R F',1.36,32.5%,17,12.50,17,12.50
11689,Yiheng Wang,3.98,U' x' R2 D2 R' U' R D2 R' U R',1.01,25.4%,10,9.90,11,10.89
11688,Luke Garrett,4.09,,0.00,0.0%,0,n/a,0,n/a
11687,Yiheng Wang,4.70,R2' U R U R' U' R3 U' R' U R' U2',0.90,19.1%,12,13.33,12,13.33
11686,Yiheng Wang,3.32,R U R' U' R' F R2 U' R' U' R U R' F',0.75,22.6%,14,18.67,14,18.67
11685,Yiheng Wang,5.28,U2' x R2' D2 R U R' D2 R U' R,0.88,16.7%,10,11.36,11,12.50
11684,Yiheng Wang,3.81,U R' U2' R U2' R' F R U R' U' R' F' R2,1.01,26.5%,14,13.86,14,13.86
11683,Yiheng Wang,3.57,R2' U R U R' U' R3 U' R' U R' U,0.74,20.7%,12,16.22,12,16.22
11682,Yiheng Wang,5.28,U2' U' R' U2' R U2' R' F R U R' U' R' F' R2 U2',1.41,26.7%,16,11.35,16,11.35
11681,Yiheng Wang,3.91,D' R U R' U' D R2 U' R U' R' U R' U R2 U,1.08,27.6%,16,14.81,16,14.81
11680,Yiheng Wang,3.83,U U' L' U' L F L' U' L U L F' L2' U L U',1.03,26.9%,16,15.53,16,15.53
11679,Yiheng Wang,4.84,U M' U M2' U M2' U M' U2 M2',1.04,21.5%,10,9.62,10,9.62
11678,Yiheng Wang,4.32,,0.00,0.0%,0,n/a,0,n/a
11635,Yiheng Wang,4.25,U2' R U R' U R U R' F' R U R' U' R' F R2 U' R' U2 R U' R',1.23,28.9%,22,17.89,22,17.89
11634,Yiheng Wang,5.50,U' R R' D' R2 U R2' R U R' U' R U' R2 D U' R' U R,1.92,34.9%,19,9.90,19,9.90
11633,Yiheng Wang,5.11,U' R U' R U R' D R D' R U' D R2' U R2 D' R2' U',1.29,25.2%,18,13.95,18,13.95
11632,Yiheng Wang,4.41,U2' R U R' U' R' F R2 U' R' U F' L' U L,0.91,20.6%,15,16.48,15,16.48
11631,Yiheng Wang,8.59,R' R' U R U R' U' R3 U' R' U R',2.17,25.3%,12,5.53,12,5.53
11630,Yiheng Wang,5.96,R' U' R U D' R2 U R' U R U' R U' R2' U D,0.93,15.6%,16,17.20,16,17.20
11629,Yiheng Wang,4.14,U x R' U R' D2 R U' R' D2 R2,0.82,19.8%,10,12.20,11,13.41
11628,Yiheng Wang,5.60,R U' R' U' R U R D R' U' R D' R' U2 R',1.28,22.9%,15,11.72,15,11.72
11627,Yiheng Wang,5.34,x' R U' R D2 R' U R D2 R2',1.32,24.7%,9,6.82,10,7.58
11626,Yiheng Wang,5.43,U' U U' x R2' D2 R U R' D2 R U' R x' U',1.26,23.2%,13,10.32,15,11.90
11625,Yiheng Wang,5.95,U D' R U R' U' D R2 U' R U' R' U R' U R2 U2',1.28,21.5%,17,13.28,17,13.28
11624,Yiheng Wang,4.80,U' R' U' F' R U R' U' R' F R2 U' R' U' R U R' U R U,1.15,24.0%,20,17.39,20,17.39
11623,Yiheng Wang,5.01,U' R' U2' R U2' R' F R U R' U' R' F' R2 U,1.03,20.6%,15,14.56,15,14.56
11622,Yiheng Wang,6.91,U' U R' U' R U U' R' F' R U R' U' R' F R2 R' R U' R' U' R U R' U R U,2.23,32.3%,27,12.11,27,12.11
11621,Yiheng Wang,4.80,U' R U R' U R U R' F' R U R' U' R' F R2 U' R' U2 R U' R',1.18,24.6%,22,18.64,22,18.64
11620,Yiheng Wang,5.18,,0.00,0.0%,0,n/a,0,n/a
11619,Yiheng Wang,4.67,U2' R U R' F' R U R' U' R' F R2 U' R' U2,0.79,16.9%,15,18.99,15,18.99
11618,Yiheng Wang,4.60,D' R2 U R' U R' U' R U' R2 U' D R' U R,1.05,22.8%,15,14.29,15,14.29
11617,Yiheng Wang,4.57,U2' R U R' U R' U' R2 U' R' U R' U R U2,1.02,22.3%,15,14.71,15,14.71
11616,Yiheng Wang,3.84,U2' R' U R' U' R D' R' D R' D' U R2 U' R2' D R2 U',1.26,32.8%,18,14.29,18,14.29
11615,Yiheng Wang,4.43,R U R' U R' U' R2 U' R' U R' U R U',0.93,21.0%,14,15.05,14,15.05
11614,Yiheng Wang,5.66,U R2' F2 R U2 R U2' R' F R U R' U' R' F R2 U2',2.81,49.6%,17,6.05,17,6.05
11613,Yiheng Wang,4.26,U2 R' U2' R U2' R' F R U R' U' R' F' R2 U',1.04,24.4%,15,14.42,15,14.42
11612,Yiheng Wang,4.41,U M' U M2' U M2' U M' U2 M2' U2,1.16,26.3%,11,9.48,11,9.48
11611,Yiheng Wang,5.36,U2 x' R U' R D2 R' U R D2 R2',1.11,20.7%,10,9.01,11,9.91
11610,Yiheng Wang,6.43,U F R U' R' U' R U R' F' R U R' U' R' F R F' U',1.36,21.2%,19,13.97,19,13.97
11609,Yiheng Wang,5.26,D' U' R U R' R U' R' U2 D R U' R U R' D R D' R U' D R2' U R2 D' R2',1.46,27.8%,26,17.81,26,17.81
11608,Yiheng Wang,4.83,U' U R2' U R U R' U' R2 U' U R U' R' U R' U2',1.61,33.3%,17,10.56,17,10.56
11607,Yiheng Wang,4.61,U x R' U R' D2 R U' R' D2 R2,1.14,24.7%,10,8.77,11,9.65
11606,Yiheng Wang,4.55,R' U R U' R' F' U' F R U R' U' R U' f R f' U',1.10,24.2%,18,16.36,18,16.36
11605,Yiheng Wang,4.36,U2 x' R2 D2 R' U' R D2 R' U R',0.91,20.9%,10,10.99,11,12.09
11604,Yiheng Wang,4.28,D' U' U' R U R' U' D R2 U' R U' R' U R' U R2 U,1.35,31.5%,18,13.33,18,13.33
11603,Yiheng Wang,5.00,R U' R U R' D R D' R U' D R2' U R D' D R D' R2' U',1.68,33.6%,20,11.90,20,11.90
11602,Yiheng Wang,4.99,L' U' L F L' U' L U L F' L2' U L,0.66,13.2%,13,19.70,13,19.70
11601,Yiheng Wang,6.01,U R U' R' U' R U R D R' U' R D' R' U2 R' U2',1.31,21.8%,17,12.98,17,12.98
11600,Yiheng Wang,4.58,U x' R U' R' D R U R' D' R U R' D R U' R' D' F,1.13,24.7%,18,15.93,19,16.81
11599,Yiheng Wang,4.54,U x' R2 D2 R' U' R D2 R' U R' F,1.06,23.3%,11,10.38,12,11.32
11598,Yiheng Wang,5.62,R U' R U R' D R D' R U' D R2' U R2 D' R2' U',1.35,24.0%,17,12.59,17,12.59
11597,Yiheng Wang,4.48,D' R2 U R' U R' U' R U' R2 U' D R' U R U2',1.13,25.2%,16,14.16,16,14.16
11596,Yiheng Wang,4.72,U x R' U R' D2 R U' R' D2 R2 x' U',1.37,29.0%,11,8.03,13,9.49
11590,Luke Garrett,4.67,,0.00,0.0%,0,n/a,0,n/a
11589,Luke Garrett,4.11,,0.00,0.0%,0,n/a,0,n/a
11583,Dylan Miller,3.49,R U R' U' R' F R2 U' R' U' R U R' F' U',1.16,33.2%,15,12.93,15,12.93
11582,Matty Hiroto Inaba,3.51,,0.24,6.8%,1,4.17,1,4.17
11581,Tymon Kolasiński,3.41,,0.00,0.0%,0,n/a,0,n/a
11580,Tymon Kolasiński,4.15,,0.00,0.0%,0,n/a,0,n/a
11579,Tymon Kolasiński,4.16,U' R U R' U' R' F R2 U' R' U' R U R' F',1.36,32.7%,15,11.03,15,11.03
11578,Tymon Kolasiński,4.13,R' U' F' R U R' U' R' F R2 U' R' U' R U R' U R  U2',1.56,37.8%,19,12.18,19,12.18
11577,Matty Hiroto Inaba,3.90,R U R' F' R U R' U' R' F R2 U' R',1.20,30.8%,13,10.83,13,10.83
11576,Matty Hiroto Inaba,4.08,U2 R U R' U' D R2 U' R U' R' U R' U R2 D',1.00,24.5%,16,16.00,16,16.00
11569,Yiheng Wang,4.43,U' R U R' U R' U' R2 U' R' U R' U R U2',0.76,17.2%,15,19.74,15,19.74
11568,Yiheng Wang,4.67,R U R' U R U R' F' R U R' U' R' F R2 U' R' U2 R U' R',0.94,20.1%,21,22.34,21,22.34
11567,Yiheng Wang,4.34,R U R' F' R U R' U' R' F R2 U' R' U',0.92,21.2%,14,15.22,14,15.22
11566,Yiheng Wang,4.12,M' U M2' U M2' U M' U2 M2',1.14,27.7%,9,7.89,9,7.89
11565,Yiheng Wang,3.59,U' x' R2 D2 R' U' R D2 R' U R',0.87,24.2%,10,11.49,11,12.64
11564,Yiheng Wang,4.85,U' F' U' F R2 u R' U R U' R u' R2',0.95,19.6%,13,13.68,13,13.68
11563,Yiheng Wang,3.44,U R U R' F' R U R' U' R' F R2 U' R' U,0.74,21.5%,15,20.27,15,20.27
11562,Yiheng Wang,4.04,U' R U R' F' R U R' U' R' F R2 U' R' U,0.74,18.3%,15,20.27,15,20.27
11561,Yiheng Wang,4.48,U' R' U R U' R' F' U' F R U R' U' R U' f R f',1.06,23.7%,18,16.98,18,16.98
11560,Brenton Angelo Lo Wong,3.84,,0.17,4.4%,1,5.88,1,5.88
11559,Yiheng Wang,3.48,U R' U' R3 U' R' U R U R2' U',0.75,21.6%,11,14.67,11,14.67
11558,Caleb Chen,5.46,,0.00,0.0%,0,n/a,0,n/a
11557,Caleb Chen,5.37,,0.00,0.0%,0,n/a,0,n/a
11556,Caleb Chen,5.53,U2' U' R' U2 R' D' R U' R' D R U R U' R' U' U',1.86,33.6%,17,9.14,17,9.14
11555,Caleb Chen,4.92,,0.00,0.0%,0,n/a,0,n/a
11554,Caleb Chen,4.96,,0.00,0.0%,0,n/a,0,n/a
11548,Yiheng Wang,3.82,U' R2' U R U R' U' R3 U' R' U R' U',0.74,19.4%,13,17.57,13,17.57
11547,Yiheng Wang,3.78,U R' U R' U' R3 U' R' U R U R2',1.05,27.8%,12,11.43,12,11.43
11546,Yiheng Wang,4.38,U' D' U' R2 U R' U R' U' R U' R2 D U' R' U R U,1.50,34.2%,18,12.00,18,12.00
11545,Yiheng Wang,4.94,U x' R U' R' D R U R' D' R U R' D R U' R' D',0.97,19.6%,17,17.53,18,18.56
11544,Yiheng Wang,3.78,U2' R U R' F' R U R' U' R' F R2 U' R',1.06,28.0%,14,13.21,14,13.21
11543,Yiheng Wang,4.01,D' R U R' U' D R2 U' R U' R' U R' U R2 U',0.93,23.2%,16,17.20,16,17.20
11536,Radosław Marcinek,3.99,,0.17,4.3%,1,5.88,1,5.88
11530,Feliks Zemdegs,4.22,,0.17,4.0%,1,5.88,1,5.88
11524,Yiheng Wang,3.08,U' R' U R' U' R3 U' R' U R U R' U' U R' U',1.28,41.6%,16,12.50,16,12.50
11506,Teodor Zajder,4.39,,0.13,3.0%,1,7.69,1,7.69
11499,Luke Garrett,3.54,,0.02,0.6%,0,0.00,0,0.00
11493,Ruihang Xu,4.53,R2' U R U R' U' R3 U' R' U R' U2',1.13,24.9%,12,10.62,12,10.62
11492,Ruihang Xu,4.33,u' R2 U R' U R' U' R U' R2 D U' R' U R,1.16,26.8%,15,12.93,15,12.93
11491,Ruihang Xu,5.03,U' R U R' F' R U R' U' R' F R2 U' R' U',0.90,17.9%,15,16.67,15,16.67
11490,Ruihang Xu,6.23,U R' U' R R' R D' R' D R' U D' R2 U' R2' D R2 U,1.73,27.8%,18,10.40,18,10.40
11489,Ruihang Xu,4.68,U' L' U' L F L' U' L U L F' L2' U L,1.11,23.7%,14,12.61,14,12.61
11471,Dylan Miller,4.91,U2' R U R' U' D R2 U' R U' R' U R' U R2 U D',1.01,20.6%,17,16.83,17,16.83
11470,Dylan Miller,5.21,F' U' F R2 u R' U R U' R u' R2' U',1.31,25.1%,13,9.92,13,9.92
11469,Dylan Miller,3.88,,0.00,0.0%,0,n/a,0,n/a
11468,Dylan Miller,4.73,U R U' R' U' R U R' U R' D' R U' R' D R2 U R',1.23,26.0%,18,14.63,18,14.63
11467,Dylan Miller,4.72,R' U2 R' R D' D R' D' R U' R' D R U R U' R' U' R U',1.82,38.6%,20,10.99,20,10.99
11466,Dylan Miller,3.54,,0.37,10.5%,0,0.00,0,0.00
11465,Dylan Miller,5.69,U2' R' U' R' D' R U' R' D R U R' D' R U R' D R2,1.29,22.7%,18,13.95,18,13.95
11464,Dylan Miller,4.87,U2' R U R' F' R U R' U' R' F R2 U' R',0.87,17.9%,14,16.09,14,16.09
11463,Dylan Miller,4.84,U' R U R' U' R' F R2 U' R' U' R U R' F' U',1.14,23.6%,16,14.04,16,14.04
11462,Dylan Miller,4.52,U' R U' R2' D' R U R' D R U' R U' R' U R U R' U,1.39,30.8%,19,13.67,19,13.67
11456,Luke Garrett,7.33,U' F' U U' F R' U' R U D' R2 U R' U R U' R U' R2' D U,2.63,35.9%,21,7.98,21,7.98
11455,Luke Garrett,5.18,D' R U R' U' D R2 U' R U' R' U R' U R2 U',1.35,26.1%,16,11.85,16,11.85
11454,Luke Garrett,5.10,U' l' U R' D2 R U' R' D2 R2,1.18,23.1%,10,8.47,10,8.47
11453,Luke Garrett,4.92,U M2' U' M U2 M' U' M2',1.09,22.2%,8,7.34,8,7.34
11452,Luke Garrett,5.08,U' U' D' R U R' U' R R' D R2 U' R U' R' U R' U R2,1.70,33.5%,19,11.18,19,11.18
11451,Kyle Santucci,2.73,,0.00,0.0%,0,n/a,0,n/a
11439,Yufang Du,3.99,,0.99,24.8%,9,9.09,9,9.09
11438,Yufang Du,5.94,R' U' F' R U R' U' R' F R2 U' R' U' R U R' U R U2',1.61,27.1%,19,11.80,19,11.80
11437,Yufang Du,3.72,,0.19,5.1%,1,5.26,1,5.26
11436,Yufang Du,5.52,U' U' U' M2' U' M2' U' M' U2' M2' U2' M',1.75,31.7%,12,6.86,12,6.86
11435,Yufang Du,4.87,U2 R' U' F' R U R' U' R' F R2 U' R' U' R U R' U R U' U',1.40,28.7%,21,15.00,21,15.00
11417,Yiheng Wang,2.53,,0.08,3.2%,1,12.50,1,12.50
11416,Yiheng Wang,3.62,U2' R U R' U' R' F R2 U' R' U' R U R',0.87,24.0%,14,16.09,14,16.09
11415,Yiheng Wang,4.04,U' R U R' U R U R' F' R U R' U' R' F R2 U' R' U2 R U' R',1.11,27.5%,22,19.82,22,19.82
11414,Yiheng Wang,3.75,U' R2 U R' U R' U' R U' R2 D U' R' U R D' U,1.05,28.0%,17,16.19,17,16.19
11413,Yiheng Wang,2.40,,0.12,5.0%,1,8.33,1,8.33
11412,Kyeongmin Choi,4.86,R U' R' U' R U R D R' U' R D' R' U2 R',1.39,28.6%,15,10.79,15,10.79
11385,Olaf Kuźmiński,4.38,,0.00,0.0%,0,n/a,0,n/a
11372,SeungO Han,6.00,U' R' U R U' R' F' U' F R U R' U' R U' f R f',1.47,24.5%,18,12.24,18,12.24
11371,SeungO Han,6.27,M2' U' M2' U2 M2' U' M2' U,1.10,17.5%,8,7.27,8,7.27
11370,SeungO Han,7.56,R' U R' U' R3 U' R' U R U R2 U2',1.36,18.0%,12,8.82,12,8.82
11369,SeungO Han,5.67,U R U R' U' R' F R2 U' R' U' R U R' F' U',1.12,19.8%,16,14.29,16,14.29
11368,SeungO Han,6.32,U R U' R2 D' R U R' D R U' R U' R' U R U R',1.49,23.6%,18,12.08,18,12.08
11341,Ruihang Xu,4.44,R' U R' U' R D' R' D R' U D' R2 U' R2' D R2 U,1.04,23.4%,17,16.35,17,16.35
11335,Ruihang Xu,4.05,R' R U' R' U R' U' R D' R' D R' U D' R2 U' R2' D R2 U',1.32,32.6%,20,15.15,20,15.15
11332,Emanuel Schelin,8.59,U R' D' U' D R U D' R2 U R' U R U' U' U U' U R U' R2 D U,n/a,n/a,23,n/a,23,n/a
11331,Emanuel Schelin,6.39,U' F R U' R' U' R U R' F' R U R' U' R' F R F' U,n/a,n/a,19,n/a,19,n/a
11330,Emanuel Schelin,5.45,U' R U R' F' R U R' U' R' F R2 U' R' U,n/a,n/a,15,n/a,15,n/a
11329,Emanuel Schelin,6.08,R2 R2' U2' R U R' U' R' F R2 U' R' U' R U R' F' U,n/a,n/a,18,n/a,18,n/a
11328,Emanuel Schelin,5.61,,n/a,n/a,0,n/a,0,n/a
11321,Seung Hyuk Nahm,5.71,y' x' R U' R D2 R' U R D2 R2',1.54,27.0%,9,5.84,11,7.14
11319,Seung Hyuk Nahm,5.60,U U R2 U R' U R' U' R U' R2 U' D R' U R D',1.93,34.5%,17,8.81,17,8.81
11318,Seung Hyuk Nahm,6.98,U U x R' U R' D2 R U' R' D2 R2 x' U,1.38,19.8%,12,8.70,14,10.14
11317,Seung Hyuk Nahm,5.77,,0.34,5.9%,1,2.94,1,2.94
11316,Matty Hiroto Inaba,4.08,U' M2' U M U2 M' U M2',1.30,31.9%,8,6.15,8,6.15
11315,Matty Hiroto Inaba,4.54,U U2' R U R' F' R U R' U' R' F R2 U' R' U,1.01,22.2%,16,15.84,16,15.84
11314,Matty Hiroto Inaba,6.63,U' R U R' F' R U2 R' U' R' R U' R' F R U R U2' R' U,2.36,35.6%,20,8.47,20,8.47
11313,Matty Hiroto Inaba,5.38,R U R' U' R' F R2 U' R' U' R U R' F' U',1.63,30.3%,15,9.20,15,9.20
11312,Matty Hiroto Inaba,4.27,U' R' D' R U2 R' D R U R' D' R U R' D R,1.29,30.2%,16,12.40,16,12.40
11311,Matty Hiroto Inaba,4.40,,0.00,0.0%,0,n/a,0,n/a
11310,Matty Hiroto Inaba,4.30,R U R' F' R U R' U' R' F R2 U' R' U2,0.93,21.6%,14,15.05,14,15.05
11309,Matty Hiroto Inaba,4.60,U' U' R U R' U' D R2 U' R U' R' U R' U R2 D' U',1.67,36.3%,18,10.78,18,10.78
11308,Matty Hiroto Inaba,4.60,R' U L' U2 R U' R' U2 R L,0.93,20.2%,10,10.75,10,10.75
11307,Matty Hiroto Inaba,5.48,U R U R' U' R' F R2 U' R' U' R U R' F',1.25,22.8%,15,12.00,15,12.00
11306,Matty Hiroto Inaba,4.56,U' R' U R' U' R3 U' R' U R U R2' U',1.16,25.4%,13,11.21,13,11.21
11305,Matty Hiroto Inaba,4.56,R' U' U' R U2' R' F R U R' U' R' F' R2 U,1.39,30.5%,15,10.79,15,10.79
11297,Yiheng Wang,3.87,x' R2 D2 R' U' R D2 R' U R',0.84,21.7%,9,10.71,10,11.90
11296,Yiheng Wang,4.13,U' x' R2 D2 R' U' R D2 R' U R',1.21,29.3%,10,8.26,11,9.09
11295,Yiheng Wang,4.14,U U L' U' L F L' U' L U L F' L2' U L,0.97,23.4%,15,15.46,15,15.46
11294,Yiheng Wang,4.25,R U R' U R U R' F' R U R' U' R' F R2 U' R' U2 R U' R',1.17,27.5%,21,17.95,21,17.95
11293,Yiheng Wang,3.84,R U R' U R' U' R2 U' R' U R' U R U,0.71,18.5%,14,19.72,14,19.72
11281,Kai-Wen Wang,4.27,,n/a,n/a,1,n/a,1,n/a
11279,Matty Hiroto Inaba,5.06,U M2' U M2' U M' U2 M2' U2 M',1.49,29.4%,10,6.71,10,6.71
11278,Matty Hiroto Inaba,5.24,U2' R U R' U R' U' R2 U' R' U R' U R U',1.07,20.4%,15,14.02,15,14.02
11277,Matty Hiroto Inaba,4.88,M2' U' M U2 M' U' M2' U2,1.08,22.1%,8,7.41,8,7.41
11276,Matty Hiroto Inaba,6.21,,0.00,0.0%,0,n/a,0,n/a
11275,Matty Hiroto Inaba,4.76,U' R' U' R U D' R2 R' R U R' U R U' R U' R2' D,1.56,32.8%,18,11.54,18,11.54
11274,Radosław Marcinek,3.96,,0.19,4.8%,1,5.26,1,5.26
11273,Luke Garrett,4.86,U' R2' U R U R' U' R3 U' R' U R',0.93,19.1%,12,12.90,12,12.90
11272,Luke Garrett,4.31,U R' U' R3 U' R' U R U R2' U,0.84,19.5%,11,13.10,11,13.10
11271,Luke Garrett,5.06,R' U' R U D' R2 U R' U R U' R U' R2' D U' U',1.66,32.8%,17,10.24,17,10.24
11270,Luke Garrett,4.91,U' R2' U R U R' U' R3 U' R' U R' U',0.94,19.1%,13,13.83,13,13.83
11269,Luke Garrett,6.84,U' R' U R' U' R D' R' D R' U D' R2 U' R2' D R R U,1.97,28.8%,19,9.64,19,9.64
11267,Yomie Ko,4.33,R2' U R U R' U' R3 U' R' U R' U,1.20,27.7%,12,10.00,12,10.00
11266,Aidan Grainger,3.69,,0.47,12.7%,1,2.13,1,2.13
11265,Jake Brown,3.91,,0.00,0.0%,0,n/a,0,n/a
11237,Ruihang Xu,3.24,,0.00,0.0%,0,n/a,0,n/a
11236,Yiheng Wang,3.61,U' F R U' R' U' R U R' F' R U R' U' R' F R F',1.21,33.5%,18,14.88,18,14.88
11235,Siddharth Reddy,4.15,U' R U R' U R' U' R2 U' R' U R' U R U',1.33,32.0%,15,11.28,15,11.28
11234,Yiheng Wang,4.01,U' R U' R U R' D R D' R U' D R2' U R2 D' R2 U',1.04,25.9%,18,17.31,18,17.31
11233,Yiheng Wang,3.69,,0.36,9.8%,1,2.78,1,2.78
11232,Yiheng Wang,4.48,U R U R' U R' U' R2 U' R' U R' U R,0.91,20.3%,14,15.38,14,15.38
11231,Yiheng Wang,4.29,U U' U2' R U R' U R' U' R2 U' R' U R' U R U',1.26,29.4%,17,13.49,17,13.49
11230,Yiheng Wang,3.96,D' R2 U R' U R' U' R U' R2 D U' R' U R U2',1.16,29.3%,16,13.79,16,13.79
11227,Matty Hiroto Inaba,4.34,,0.17,3.9%,1,5.88,1,5.88
11226,Matty Hiroto Inaba,4.89,R U' U U' R' U' R U R D R' U' R D' R' U2 R',1.86,38.0%,17,9.14,17,9.14
11225,Matty Hiroto Inaba,5.30,U' R' U R' U' R3 U' R' U R U R2' U,0.90,17.0%,13,14.44,13,14.44
11224,Matty Hiroto Inaba,5.72,y R U R' U' R' F R2 U' R' U' R U R' F',1.45,25.3%,14,9.66,15,10.34
11223,Matty Hiroto Inaba,4.37,R' U R' U' R2 U' R' U R' U R U',0.90,20.6%,12,13.33,12,13.33
11222,Toby Litiatco,4.12,R U R' F' R U R' U' R' F R2 U' R' U,0.95,23.1%,14,14.74,14,14.74
11221,Toby Litiatco,5.16,U' M2' U M' U2' M U M2' U2',1.14,22.1%,9,7.89,9,7.89
11220,Toby Litiatco,5.49,U R U R' F' R U R' U' R' F R2 U' R' U',0.99,18.0%,15,15.15,15,15.15
11219,Toby Litiatco,8.70,U2 R U' R' U' R U R D R' U' R D' R' U2 R' U2',1.50,17.2%,17,11.33,17,11.33
11218,Toby Litiatco,4.59,U x R2' D2 R U R' D2 R U' R,0.81,17.6%,10,12.35,11,13.58
11217,Kai-Wen Wang,5.32,R U' R' U' R U R D R' U' R D' R' U2 R',1.25,23.5%,15,12.00,15,12.00
11216,Kai-Wen Wang,4.98,,0.00,0.0%,0,n/a,0,n/a
11215,Kai-Wen Wang,6.70,U M2' U M' U2 M U M2',1.20,17.9%,8,6.67,8,6.67
11214,Kai-Wen Wang,5.81,x R2' D2 R U R' D2 R' R2 U' R x' U,1.74,29.9%,11,6.32,13,7.47
11213,Kai-Wen Wang,6.24,U M2' U M U2 M' U M2' U,1.17,18.8%,9,7.69,9,7.69
11209,Kyle Santucci,4.48,,0.00,0.0%,0,n/a,0,n/a
11208,Kyle Santucci,3.91,R2' U R U R' U' R2 U' U R U' R' U R' U2',1.54,39.4%,15,9.74,15,9.74
11207,Kyle Santucci,5.21,F R U' R' U' R U R' F' R U R' U' R' F R F' U,1.66,31.9%,18,10.84,18,10.84
11206,Kyle Santucci,4.29,,0.00,0.0%,0,n/a,0,n/a
11205,Kyle Santucci,4.46,,0.00,0.0%,0,n/a,0,n/a
11204,Yiheng Wang,3.27,,0.07,2.1%,1,14.29,1,14.29
11202,Teodor Zajder,5.98,M2' U L' l U2' M' U M2' U2',1.65,27.6%,9,5.45,9,5.45
11201,Teodor Zajder,6.10,U D' R2 U R' U R' U' R U' R2 D U' R' U R U,1.60,26.2%,17,10.63,17,10.63
11200,Teodor Zajder,5.55,U2 x R' U R' D2 R U' R' D2 R2,1.52,27.4%,10,6.58,11,7.24
11199,Teodor Zajder,5.17,U' R U R' U' D R2 U' R U' R' U R' U R2 D' U',1.30,25.1%,17,13.08,17,13.08
11198,Teodor Zajder,5.33,U R U R' U R' U' R2 U' R' U R' U R,1.46,27.4%,14,9.59,14,9.59
11197,Ping-Yueh Huang,4.68,U2 R U R' U' D R2' U' R U' R' U R' U R2 D' U,1.58,33.8%,17,10.76,17,10.76
11190,Toby Litiatco,6.18,R' U2' R U2' R' F R U R' U' R' F' R2 U2',n/a,n/a,14,n/a,14,n/a
11189,Toby Litiatco,6.24,,n/a,n/a,17,n/a,17,n/a
11188,Toby Litiatco,6.03,U2 R' U' R U D' R2 U R' U R U' R U' R2' D,n/a,n/a,16,n/a,16,n/a
11187,Toby Litiatco,7.72,R2' U R U R' U' R3 U' R' U R' U,n/a,n/a,12,n/a,12,n/a
11186,Toby Litiatco,6.15,U' r' r R' U L' U2 R U' R' U2 R L U,n/a,n/a,14,n/a,14,n/a
11185,Riley Dexter,3.93,,0.20,5.1%,1,5.00,1,5.00
11184,Toby Litiatco,6.32,U' D' R U R' U' D R2 U' R U' R' U R' U R2 U',n/a,n/a,17,n/a,17,n/a
11183,Toby Litiatco,6.50,U' R U R' U' R' F R2 U' R' U' R U R' F' U,n/a,n/a,16,n/a,16,n/a
11182,Toby Litiatco,5.39,U' F R U' R' U' R U R' F' R U R' U' R' F R F' U',n/a,n/a,19,n/a,19,n/a
11181,Toby Litiatco,5.81,U R U R' U' R' F R2 U' R' U' R R' R U R' F',n/a,n/a,17,n/a,17,n/a
11180,Toby Litiatco,6.04,,n/a,n/a,0,n/a,0,n/a
11179,Jerry Yao,4.03,,0.00,0.0%,0,n/a,0,n/a
11178,Toby Litiatco,6.40,U2 R' U R' U' R D' R' D R' U D' R2 U' R2' D R2 U',n/a,n/a,18,n/a,18,n/a
11177,Toby Litiatco,5.43,,n/a,n/a,0,n/a,0,n/a
11176,Toby Litiatco,7.32,R' U' R' D' R U' R' D R U R' D' R U R' D R2 U',n/a,n/a,18,n/a,18,n/a
11175,Toby Litiatco,3.86,M2' U' M2' U2' M2' U' M2',n/a,n/a,7,n/a,7,n/a
11174,Toby Litiatco,5.11,,n/a,n/a,1,n/a,1,n/a
11173,Toby Litiatco,5.57,U2 R' U' R U D' R2 U R' U R U' R U' R2' D,n/a,n/a,16,n/a,16,n/a
11172,Toby Litiatco,5.62,,n/a,n/a,16,n/a,16,n/a
11171,Toby Litiatco,6.03,F R U' R' U' R U R' F' R U R' U' R' F R F' U2,n/a,n/a,18,n/a,18,n/a
11170,Toby Litiatco,6.34,R' U R' U' R D' R' D R' U D' R2 U' R2' D R2,n/a,n/a,16,n/a,16,n/a
11169,Toby Litiatco,6.06,U' U R2' U R U R' U' R3 U' R' U R',n/a,n/a,13,n/a,13,n/a
11168,Toby Litiatco,6.87,,n/a,n/a,17,n/a,17,n/a
11167,Toby Litiatco,5.55,U R' U R' U' R D' R' D R' U D' R2 U' R2' D R2,n/a,n/a,17,n/a,17,n/a
11166,Toby Litiatco,5.25,U' R U R' U R' U' R2 U' R' U R' U R U',n/a,n/a,15,n/a,15,n/a
11165,Toby Litiatco,5.09,R U R' U' R' F R2 U' R' U F' L' U L,n/a,n/a,14,n/a,14,n/a
11164,Toby Litiatco,5.11,U' R' U L' U2 R U' R' U2 r R,n/a,n/a,11,n/a,11,n/a
11161,Ruihang Xu,4.93,U' R U R' U R' U' R2 U' R' U R' U R U' U',1.50,30.4%,16,10.67,16,10.67
11160,Ruihang Xu,3.57,x R2' D2 R U R' D2 R U' R,1.00,28.0%,9,9.00,10,10.00
11159,Ruihang Xu,4.77,R U R' U' D R2 U' R U' R' U R' U R2 U' u',1.07,22.4%,16,14.95,16,14.95
11158,Ruihang Xu,4.28,U' M2' U' M2' U2' M2' U' M2',0.95,22.2%,8,8.42,8,8.42
11157,Ruihang Xu,4.85,U' U2' R U R' F' R U R' U' R' F R2 U' R',1.15,23.7%,15,13.04,15,13.04
11095,Dylan Miller,5.85,U F R U' R' U' R U R' F' R U R' U' R' F R F' U',1.78,30.4%,19,10.67,19,10.67
11094,Dylan Miller,4.36,x R' U R' D2 R U' R' D2 R2,0.96,22.0%,9,9.38,10,10.42
11093,Dylan Miller,5.06,U' R' U L' U2 R U' R' U2 R L,0.89,17.6%,11,12.36,11,12.36
11092,Dylan Miller,4.98,F' U' F R2 u R' U R U' R u' R2' U',1.35,27.1%,13,9.63,13,9.63
11091,Dylan Miller,4.51,U' R2' U' R U' R U R' U R2 D' U R U' R' D U',1.28,28.4%,17,13.28,17,13.28
11090,Dylan Miller,7.01,R2 U' R2' D R2 U' R2' U R2 U D' R2' U',1.34,19.1%,13,9.70,13,9.70
11089,Dylan Miller,3.68,,0.25,6.8%,1,4.00,1,4.00
11088,Dylan Miller,6.26,U R' U2 R' D' R U' R' D R U R U' R' U' R U',1.49,23.8%,17,11.41,17,11.41
11087,Dylan Miller,4.78,R U R' F' R U R' U' R' F R2 U' R' U',0.81,16.9%,14,17.28,14,17.28
11086,Dylan Miller,4.28,M2' U' M2' U' M' U2' M2' U2' M' U,1.15,26.9%,10,8.70,10,8.70
11085,Dylan Miller,4.91,R' D' R U2 R' D R U R' D' R U R' D R,1.54,31.4%,15,9.74,15,9.74
11084,Dylan Miller,5.59,U' R' U R' d' R' F' R2 U' R' U R' F R F U2',1.32,23.6%,16,12.12,16,12.12
11083,Dylan Miller,4.41,U R U R' U' R' F R2 U' R' U' R U R' F' U',1.11,25.2%,16,14.41,16,14.41
11082,Dylan Miller,5.02,U' R' R3 U R' U R' U' R U' R2 D U' R' U R D',1.59,31.7%,17,10.69,17,10.69
11081,Dylan Miller,5.61,,0.00,0.0%,0,n/a,0,n/a
11080,Dylan Miller,4.04,U' R' U R' U' R3 U' R' U R U R2',1.01,25.0%,12,11.88,12,11.88
11079,Dylan Miller,4.44,R U R' U' D R2 U' R U' R' U R' U R2 D' U2',1.57,35.4%,16,10.19,16,10.19
11066,Toby Seufert,4.29,,0.00,0.0%,0,n/a,0,n/a
11029,Yiheng Wang,3.88,R U R' U' R' F R2 U' R' U' R U R' F' U,0.75,19.3%,15,20.00,15,20.00
11028,Yiheng Wang,3.71,,0.00,0.0%,0,n/a,0,n/a
11027,Yiheng Wang,4.55,U2' U L' U' L F L' U' L U L F' L2' U L,1.38,30.3%,15,10.87,15,10.87
11026,Yiheng Wang,5.16,U' R2' U R U R' U' R3 U' R' U R' U',1.36,26.4%,13,9.56,13,9.56
11025,Yiheng Wang,3.83,R U' R' U' R U R D R' U' R D' R' U2 R',1.10,28.7%,15,13.64,15,13.64
11024,Luke Garrett,8.12,R' U' R U D' R2 U R' U R U' R U' R2' U,1.25,15.4%,15,12.00,15,12.00
11023,Luke Garrett,10.96,U y x R' U R' D2 R U' R' D2 R2,1.73,15.8%,10,5.78,12,6.94
11022,Luke Garrett,4.92,U2 R U' R' U' R U R D R' U' R D' R' U2 R',1.24,25.2%,16,12.90,16,12.90
11021,Luke Garrett,6.09,U R' U' F' R U R' U' R' F R2 U' R' U' R U R' U R U2',1.31,21.5%,20,15.27,20,15.27
11020,Luke Garrett,4.75,U R U' R' U' R U R D R' U' R D' R' U2 R' U,1.27,26.7%,17,13.39,17,13.39
11019,Kyle Santucci,5.32,U' R' U R' U' R3 U' R' U R U R2',0.90,16.9%,12,13.33,12,13.33
11018,Kyle Santucci,6.09,,0.00,0.0%,0,n/a,0,n/a
11017,Kyle Santucci,5.98,R U R' U' R' F R2 U' R' U' R U R' F',1.23,20.6%,14,11.38,14,11.38
11016,Kyle Santucci,6.20,U R' U' R U D' R2 U R' U R U' R U' R2' D,1.42,22.9%,16,11.27,16,11.27
11015,Kyle Santucci,5.65,R' U2' R U2' R' F R U R' U' R' F' R2 U',1.42,25.1%,14,9.86,14,9.86
11014,Kyle Santucci,5.23,U R U R' U' D R2 U' R U' R' U R' U R2 D' U',1.25,23.9%,17,13.60,17,13.60
11013,Kyle Santucci,5.94,U R' U R' U' R D' R' D R' U D' R2 U' R2' D R2 U2',1.77,29.8%,18,10.17,18,10.17
11012,Kyle Santucci,7.91,U' U x R' U R' D2 R U' R' D2 R2 x' U,1.49,18.8%,12,8.05,14,9.40
11011,Kyle Santucci,5.54,,0.00,0.0%,0,n/a,0,n/a
11010,Kyle Santucci,5.76,,0.00,0.0%,0,n/a,0,n/a
11009,Dylan Miller,5.39,R' U R U' R' F' U' F R U R' F R' F' R U' R U',1.42,26.3%,18,12.68,18,12.68
11008,Dylan Miller,6.97,U' M2' U M U2' M' U M2',1.90,27.3%,8,4.21,8,4.21
11007,Dylan Miller,8.35,,0.00,0.0%,0,n/a,0,n/a
11006,Dylan Miller,6.31,U' F R U' R' U' R U R' F' R U R' U' R' F R F' U,1.38,21.9%,19,13.77,19,13.77
11005,Dylan Miller,4.70,U R U R' U' R' F R2 U' R' U' R U R' F',0.93,19.8%,15,16.13,15,16.13
11004,Dylan Miller,5.40,U' R U R' U R' U' R2 U' R' U R' U R,1.03,19.1%,14,13.59,14,13.59
11003,Dylan Miller,7.69,R U' R U R U R U' R' U' R2 U2',1.36,17.7%,12,8.82,12,8.82
11002,Dylan Miller,6.06,U R U R' U' R' F R2 U' R' U' R U R' F' U',1.33,21.9%,16,12.03,16,12.03
11001,Dylan Miller,5.93,U' U R U' R2' D' R U R' D R U' R U' R' U R U R' U,1.46,24.6%,20,13.70,20,13.70
11000,Dylan Miller,5.60,R2 U' R2' D R2 U' R2' U R2 D' U R2' U2',1.53,27.3%,13,8.50,13,8.50
10999,Dylan Miller,4.78,U' R U R' U' R' F R2 U' R' U' R U R' F',1.11,23.2%,15,13.51,15,13.51
10998,Dylan Miller,7.38,U' M2' U' M2' U' M' U2' M2' U2' M',1.18,16.0%,10,8.47,10,8.47
10997,Dylan Miller,7.16,,1.59,22.2%,16,10.06,16,10.06
10996,Dylan Miller,5.12,U x R' U R' D2 R U' R' D2 R2,1.25,24.4%,10,8.00,11,8.80
10995,Dylan Miller,5.25,x R2' D2 R U R' D2 R U' R x' U,1.35,25.7%,10,7.41,12,8.89
10974,Luke Garrett,5.73,U' x R2' F R F' R U' r' r U' r' U r U2',1.61,28.1%,14,8.70,15,9.32
10973,Luke Garrett,4.96,R2' u' R U' R U R' D x' U2 L F' L' F,1.26,25.4%,13,10.32,14,11.11
10972,Luke Garrett,9.04,U' R U R' U R' U' R2 U' R' U R' U R U,1.02,11.3%,15,14.71,15,14.71
10971,Luke Garrett,4.95,U' U' R U' R' U' R U R D R' U' R D' R' U2 R',1.63,32.9%,17,10.43,17,10.43
10970,Luke Garrett,5.46,U x R' U R' D2 R U' R' D2 R2 x' U2,1.04,19.0%,11,10.58,13,12.50
10969,Kyle Santucci,5.50,R' U2 R' D' R U' R' D R U R U' R' U' R U,1.38,25.1%,16,11.59,16,11.59
10968,Kyle Santucci,5.88,M2' U M2' U2 M2' U M2',1.31,22.3%,7,5.34,7,5.34
10967,Kyle Santucci,5.37,M' U M2' U M2' U M' U2 M2',1.19,22.2%,9,7.56,9,7.56
10966,Kyle Santucci,5.81,U' U' R' U L' U2 R U' R' U2 R L,1.24,21.3%,12,9.68,12,9.68
10965,Kyle Santucci,5.49,,0.00,0.0%,0,n/a,0,n/a
10953,DongSoo Park,5.28,R' U R' U' R3 U' R' U R U R2',1.05,19.9%,11,10.48,11,10.48
10952,DongSoo Park,5.57,U' R' U R' U' R3 U' R' U R U R2',1.27,22.8%,12,9.45,12,9.45
10951,DongSoo Park,7.77,U R2' U R U R' U' R3 U' R' U R',1.04,13.4%,12,11.54,12,11.54
10950,DongSoo Park,5.12,,0.00,0.0%,0,n/a,0,n/a
10949,DongSoo Park,5.05,R' U R' U' R3 U' R' U R U R2',1.08,21.4%,11,10.19,11,10.19
10948,Dylan Miller,5.30,U' R' U R' d' R' F' R2 U' R' U R' F R F U2',1.53,28.9%,16,10.46,16,10.46
10947,Dylan Miller,6.16,U2' R' U R' d' R' F' R2 U' R' U R' F R F U2',1.59,25.8%,16,10.06,16,10.06
10946,Dylan Miller,5.36,M2' U M' U2' M U M2' U',0.99,18.5%,8,8.08,8,8.08
10945,Dylan Miller,6.25,,1.98,31.7%,12,6.06,13,6.57
10944,Dylan Miller,4.60,F' U' F R2 u R' U R U' R u' R2' U2',1.20,26.1%,13,10.83,13,10.83
10943,Dylan Miller,4.87,U2 x R2' D2 R U R' D2 R U' R,1.14,23.4%,10,8.77,11,9.65
10942,Dylan Miller,5.82,R U' R2' D' R U R' D R U' R U' R' U R U R' U',1.49,25.6%,18,12.08,18,12.08
10941,Dylan Miller,5.09,L' U' L F L' U' L U L F' L2' U L,1.29,25.3%,13,10.08,13,10.08
10940,Dylan Miller,4.24,,0.37,8.7%,1,2.70,1,2.70
10939,Dylan Miller,5.12,U2' R' U' F' R U R' U' R' F R2 U' R' U' R U R' U R U2',1.45,28.3%,20,13.79,20,13.79
10938,Dylan Miller,4.53,U' R U R' U R' U' R2 U' R' U R' U R,0.93,20.5%,14,15.05,14,15.05
10937,Dylan Miller,6.06,U' F' U' F R2 u R' U R U' R u' R2' U',1.29,21.3%,14,10.85,14,10.85
10910,Yiheng Wang,4.72,U R U' R' U' R U R D R' U' R D' R' U2 R' U2',1.10,23.3%,17,15.45,17,15.45
10909,Yiheng Wang,5.91,R U' R U R' D R D' R U' D R2' U R2 D' R2' l,0.91,15.4%,17,18.68,17,18.68
10908,Yiheng Wang,5.19,M2' U2 M2' U M2' U2 M2' U,1.49,28.7%,8,5.37,8,5.37
10907,Yiheng Wang,4.09,U' R U R' U' R' F R2 U' R' U F' L' U L,0.82,20.0%,15,18.29,15,18.29
10906,Yiheng Wang,4.63,x R' D2 R U R' D2 R U' R x' U',1.05,22.7%,10,9.52,12,11.43
10905,Yiheng Wang,4.19,U' R U' R' U' R U R D R' U' R D' R' U2 R' U2',1.09,26.0%,17,15.60,17,15.60
10904,Yiheng Wang,4.46,U R U R' U R' U' R2 U' R' U R' U R U2,0.86,19.3%,15,17.44,15,17.44
10903,Yiheng Wang,4.50,U2' F' U' F R2 u R' U R U' R u' R2' U,1.38,30.7%,14,10.14,14,10.14
10902,Yiheng Wang,4.05,U' R U R' U' R' F R2 U' R' U F' L' U L,1.12,27.7%,15,13.39,15,13.39
10901,Yiheng Wang,4.35,U' R U' R' U' R U R D R' U' R D' R' U2 R' U,1.35,31.0%,17,12.59,17,12.59
10900,Yiheng Wang,4.73,U' R U R' U R' U' R2 U' R' U R' U R,0.76,16.1%,14,18.42,14,18.42
10899,Yiheng Wang,5.50,U' U' x R2' D2 R U R' D2 R U' R x' U',1.65,30.0%,12,7.27,14,8.48
10898,Yiheng Wang,4.18,,0.00,0.0%,0,n/a,0,n/a
10897,Yiheng Wang,4.02,L' U' L F L' U' L U L F' L2' U L U',0.97,24.1%,14,14.43,14,14.43
10896,Yiheng Wang,4.66,U2 R' U' F' R U R' U' R' F R2 U' R' U' R U R' U R,1.04,22.3%,19,18.27,19,18.27
10895,Yiheng Wang,3.73,U' x R2' D2 R U R' D2 R U' R,0.96,25.7%,10,10.42,11,11.46
10894,Yiheng Wang,5.43,U' R U' R U R' D R D' R U' D R2' U R2 D' R2' U2',1.68,30.9%,18,10.71,18,10.71
10893,Yiheng Wang,3.77,,0.00,0.0%,0,n/a,0,n/a
10892,Yiheng Wang,5.36,U' U' x R' U R' D2 R U' R' D2 R2 x' U',1.46,27.2%,12,8.22,14,9.59
10891,Yiheng Wang,5.70,U R' U2' R U2' R' F R U R' U' R' F' R2 U2',1.10,19.3%,15,13.64,15,13.64
10889,Matty Hiroto Inaba,3.96,U' R U R' U' R' F R2 U' R' U' R U R' F' U,0.93,23.5%,16,17.20,16,17.20
10888,Matty Hiroto Inaba,3.71,U R' U R' U' R2 U' R' U R' U R U2',0.71,19.1%,13,18.31,13,18.31
10887,Matty Hiroto Inaba,3.67,,0.00,0.0%,0,n/a,0,n/a
10870,Andrew Feng,3.71,R U R' U R U R' F' R U R' U' R' F R2 U' R' U2 R U' R' U2,1.48,39.9%,22,14.86,22,14.86
10869,Tymon Kolasiński,4.54,,0.00,0.0%,0,n/a,0,n/a
10868,Tymon Kolasiński,4.96,,0.00,0.0%,0,n/a,0,n/a
10867,Tymon Kolasiński,5.80,U U' U' R U R' U' D R2 U' R U' R' U R' U R2 D',1.52,26.2%,18,11.84,18,11.84
10866,Tymon Kolasiński,4.20,,0.00,0.0%,0,n/a,0,n/a
10865,Tymon Kolasiński,4.88,,0.00,0.0%,0,n/a,0,n/a
10864,Tymon Kolasiński,5.14,U x R' U R' D2 R U' R' D2 R2 x' U',1.14,22.2%,11,9.65,13,11.40
10863,Tymon Kolasiński,5.74,,0.00,0.0%,0,n/a,0,n/a
10862,Tymon Kolasiński,5.92,,0.00,0.0%,0,n/a,0,n/a
10861,Tymon Kolasiński,4.88,,0.00,0.0%,0,n/a,0,n/a
10860,Tymon Kolasiński,4.28,U' R R' R U R' U' D R2 U' R U' R' U R' U R2 D' U',1.28,29.9%,19,14.84,19,14.84
10859,Feliks Zemdegs,5.51,U R' U' F' R U R' U' R' F R2 U' R' U' R U R' U R,1.56,28.3%,19,12.18,19,12.18
10858,Feliks Zemdegs,6.74,R2 U' R U' R U R' U R2 D' U R U' R' D,1.42,21.1%,15,10.56,15,10.56
10857,Feliks Zemdegs,6.03,R' U2 R' D' R U' R' D R U R U' R' U' R,1.56,25.9%,15,9.62,15,9.62
10856,Feliks Zemdegs,5.26,,1.68,31.9%,17,10.12,17,10.12
10855,Feliks Zemdegs,5.69,U' R U R U R U' R' U' R2 U,1.21,21.3%,11,9.09,11,9.09
10854,Luke Griesser,5.70,R U' R U R U R U' R' U' R2,n/a,n/a,11,n/a,11,n/a
10853,Luke Griesser,5.83,,0.00,0.0%,0,n/a,0,n/a
10852,Luke Griesser,5.88,R' U' R U D' R2 U R' U R U' R U' R2' D U,2.15,36.6%,16,7.44,16,7.44
10851,Luke Griesser,4.91,U' R U R' U R' U' R2 U' R' U R' U R,1.41,28.7%,14,9.93,14,9.93
10850,Luke Griesser,5.94,U' R U R' U' R' F R2 U' R' U' R U R' F' U2',1.44,24.2%,16,11.11,16,11.11
10838,Yufang Du,3.86,,0.00,0.0%,0,n/a,0,n/a
10823,Kyle Santucci,5.22,U' R' U L' U2 R U' R' U2 R L U,1.29,24.7%,12,9.30,12,9.30
10822,Kyle Santucci,5.59,,0.00,0.0%,0,n/a,0,n/a
10821,Kyle Santucci,5.50,U' R' U R' U' R3 U' R' U R U R2' U,1.02,18.5%,13,12.75,13,12.75
10820,Kyle Santucci,5.86,U' M' U M2' U M2' U M' U2 M2',1.34,22.9%,10,7.46,10,7.46
10819,Kyle Santucci,5.84,U L' U' L F L' U' L U L F' L2' U L U2,1.34,22.9%,15,11.19,15,11.19
10818,Ryan Tan,4.03,,0.00,0.0%,0,n/a,0,n/a
10816,Yiheng Wang,3.96,U x R2' D2 R U R' D2 R U' R,1.13,28.5%,10,8.85,11,9.73
10815,Yiheng Wang,4.00,U L' U' L F L' U' L U L F' L2' U L U,0.83,20.8%,15,18.07,15,18.07
10814,Yiheng Wang,4.81,R U R' U' R' F R2 U' R' U' R U R' F' U',0.81,16.8%,15,18.52,15,18.52
10813,Yiheng Wang,3.98,U R2' U R U R' U' R3 U' R' U R' U',0.88,22.1%,13,14.77,13,14.77
10812,Yiheng Wang,4.76,R U' R' U' R U R D R' U' R D' R' U2 R',1.19,25.0%,15,12.61,15,12.61
10811,Ben Baron,5.61,U' x R' U R' D2 R U' R' D2 R2,1.24,22.1%,10,8.06,11,8.87
10810,Ben Baron,7.03,U2' U x' R R' F R U' R' D R U R' D' R U R' D R U' R' D' F,2.76,39.3%,22,7.97,23,8.33
10809,Ben Baron,4.97,U' U' R U R' F' R U R' U' R' F R2 U' R',1.57,31.6%,15,9.55,15,9.55
10808,Ben Baron,5.95,U R' U2' R U2' R' F R U R' U' R' F' R2 U2',1.28,21.5%,15,11.72,15,11.72
10807,Ben Baron,6.08,U2' y x R' U R' D2 R U' R' D2 R2,1.51,24.8%,10,6.62,12,7.95
10781,Martin Vædele Egdal,4.75,,0.00,0.0%,0,n/a,0,n/a
10780,Yiheng Wang,3.98,R U R' U' R' F R2 U' R' U' R U R' F',0.75,18.8%,14,18.67,14,18.67
10779,Yiheng Wang,3.76,U2' R U R' U' R' F R2 U' R' U' R U R' F',0.83,22.1%,15,18.07,15,18.07
10778,Bofan Zhang,3.95,,n/a,n/a,0,n/a,0,n/a
10770,DongSoo Park,8.02,U R U R' U R' U' R2 U' R' U R' U R U U,1.99,24.8%,16,8.04,16,8.04
10769,DongSoo Park,6.08,U2 R' U L' U2 R U' R' U2 R r,1.41,23.2%,11,7.80,11,7.80
10768,DongSoo Park,6.29,R' U2 R' D' R U' R' D R U R U' R' U' R U,1.46,23.2%,16,10.96,16,10.96
10767,DongSoo Park,5.93,U' R' U R' U' R D' R' D R' U D' R2 U' R2' D R2 U',1.43,24.1%,18,12.59,18,12.59
10766,DongSoo Park,6.79,U R' U L' U2 R U' R' U2 R L U2,1.32,19.4%,12,9.09,12,9.09
10765,Ruihang Xu,6.28,U R2' U' R U' R U R' U R2 D' U R U' R' D U2,1.31,20.9%,17,12.98,17,12.98
10764,Ruihang Xu,4.84,R U' R U R U R U' R' U' R2 U' U',1.14,23.6%,13,11.40,13,11.40
10763,Ruihang Xu,5.52,U R2 U R U R' U' R2 U' U R U' R' U R' U,1.29,23.4%,16,12.40,16,12.40
10762,Ruihang Xu,4.00,U' U' M' U' M2' U' M2' U' M' U2' M2',1.40,35.0%,11,7.86,11,7.86
10761,Ruihang Xu,5.79,U' R' U' F' R U R' U' R' F R2 U' R' U' R U R' U R U',1.72,29.7%,20,11.63,20,11.63
10760,Seung Hyuk Nahm,6.29,,1.99,31.6%,21,10.55,21,10.55
10759,Seung Hyuk Nahm,5.30,,0.00,0.0%,0,n/a,0,n/a
10758,Seung Hyuk Nahm,5.38,R U R' U R' U' R2 U' R' U R' U R U,1.55,28.8%,14,9.03,14,9.03
10757,Seung Hyuk Nahm,6.22,U R' U R' U' R2 U' R' U R' U R,0.95,15.3%,12,12.63,12,12.63
10756,Seung Hyuk Nahm,5.31,U' R2 U R' U R' U' R U' R2 D U' R' U R D' U' U',1.61,30.3%,18,11.18,18,11.18
10744,Caleb Chen,3.79,,0.00,0.0%,0,n/a,0,n/a
10743,Kyle Santucci,7.46,U R U' R U R' D R D' R U' D R2' U R2 D' R2' U,1.29,17.3%,18,13.95,18,13.95
10742,Kyle Santucci,6.33,,0.00,0.0%,0,n/a,0,n/a
10741,Kyle Santucci,6.12,,0.00,0.0%,0,n/a,0,n/a
10740,Kyle Santucci,5.20,,0.00,0.0%,0,n/a,0,n/a
10739,Kyle Santucci,5.10,U' U' R U R' U' D R2 U' R U' R' U R' U R2 D',1.20,23.5%,17,14.17,17,14.17
10732,Dylan Miller,5.10,F R U' R' U' R U R' F' R U R' U' R' F R F',1.10,21.6%,17,15.45,17,15.45
10731,Dylan Miller,4.29,U' R' U L' U2 R U' R' U2 R r,0.92,21.4%,11,11.96,11,11.96
10730,Dylan Miller,4.78,,0.18,3.8%,1,5.56,1,5.56
10729,Dylan Miller,4.70,R U R2' F' R U R U' R' F R U' R' U',1.10,23.4%,14,12.73,14,12.73
10728,Dylan Miller,5.90,U' M2' U' M U2' M' U' M2' U2',0.93,15.8%,9,9.68,9,9.68
10727,Dylan Miller,2.88,,0.15,5.2%,1,6.67,1,6.67
10726,Leo Borromeo,5.24,U' U' x' R U' R' D R U R' D' R U R' D R U' R' D',1.42,27.1%,18,12.68,19,13.38
10725,Leo Borromeo,5.16,R' U R' U' R D' R' D R' U D' R2 U' R2' D R2 U' U',1.69,32.8%,18,10.65,18,10.65
10724,Leo Borromeo,5.03,U R' U R' U' R2 U' R' U R' U R U',0.68,13.5%,13,19.12,13,19.12
10723,Leo Borromeo,5.42,U2' R U' R' U' R U R D R' U' R D' R' U2 R',1.67,30.8%,16,9.58,16,9.58
10722,Leo Borromeo,5.97,R U R' U' R' F R2 U' R' U' R U R' F' U,1.45,24.3%,15,10.34,15,10.34
10720,Matty Hiroto Inaba,4.21,U R U R' U' D R2 U' R U' R' U R' U R2 D' U,1.91,45.4%,17,8.90,17,8.90
10719,Matty Hiroto Inaba,6.27,U R U R' F' R U2 R' U2' R' F R U R U2' R' U2,1.90,30.3%,17,8.95,17,8.95
10718,Matty Hiroto Inaba,6.01,R' U' F' R U R' U' R' F R2 U' R' R R' U' R U R' U R,2.58,42.9%,20,7.75,20,7.75
10717,Matty Hiroto Inaba,4.28,R U R' U R' U' R2 U' R' U R' U2 U' R U',1.18,27.6%,15,12.71,15,12.71
10716,Matty Hiroto Inaba,4.78,U' U2' R' U R' d' R' F' R2 U' R' U R' F R F U2',1.35,28.2%,17,12.59,17,12.59
10715,Matty Hiroto Inaba,4.31,,0.00,0.0%,0,n/a,0,n/a
10714,Matty Hiroto Inaba,7.12,U U' R' U L' U2 R U' R' U2 R L U,1.39,19.5%,13,9.35,13,9.35
10713,Matty Hiroto Inaba,3.98,M2' U M U2 M' U M2' U2,1.05,26.4%,8,7.62,8,7.62
10712,Matty Hiroto Inaba,4.95,U' R U R' F' R U R' U' R' F R2 U' R' U',1.03,20.8%,15,14.56,15,14.56
10711,Matty Hiroto Inaba,4.39,,0.00,0.0%,0,n/a,0,n/a
10710,Ruihang Xu,5.58,U' R' U R U R' U' R' D' R U R' D R U2 R U',1.41,25.3%,17,12.06,17,12.06
10709,Ruihang Xu,5.25,,1.52,29.0%,17,11.18,17,11.18
10708,Ruihang Xu,4.31,U' R U R' U R' U' R2 U' R' U R' U R,0.81,18.8%,14,17.28,14,17.28
10707,Ruihang Xu,4.23,,0.00,0.0%,0,n/a,0,n/a
10706,Ruihang Xu,5.20,U' x R2' F R F' R U2' r' U r U2',1.40,26.9%,11,7.86,12,8.57
10700,Yiheng Wang,4.27,U R R' U R' U' F' R U R' U' R' F R2 U' R' U' R U R' U R U2',1.32,30.9%,23,17.42,23,17.42
10699,Yiheng Wang,5.64,U' F' R U R' U' R' F R2 U' R' U' R U R' U R,1.09,19.3%,17,15.60,17,15.60
10698,Yiheng Wang,4.69,U' R' U' F' R U R' U' R' F R2 U' R' U' R U R' U R U,1.14,24.3%,20,17.54,20,17.54
10697,Yiheng Wang,3.98,U' R U R' U R' U' R2 U' R' U R' U R U2,1.11,27.9%,15,13.51,15,13.51
10696,Yiheng Wang,4.42,R U R' U R' U' R2 U' R' U R' U R,0.84,19.0%,13,15.48,13,15.48
10695,Kyle Santucci,5.19,x R' U R' D2 R U' R' D2 R2,1.36,26.2%,9,6.62,10,7.35
10694,Kyle Santucci,7.09,U x R' U R' D2 R U' R' D2 R2,1.56,22.0%,10,6.41,11,7.05
10693,Kyle Santucci,6.73,U' R' U' F' R U R' U' R' F R2 U' R' U' R U R' U R U,1.70,25.3%,20,11.76,20,11.76
10692,Kyle Santucci,5.59,,0.00,0.0%,0,n/a,0,n/a
10691,Kyle Santucci,4.96,U' R' U R' U' R3 U' R' U R U R2' U',1.08,21.8%,13,12.04,13,12.04
10680,Leo Borromeo,3.68,R U R' U R' U' R2 U' R' U R' U R,0.78,21.2%,13,16.67,13,16.67
10672,Aaron Huynh,3.46,,0.13,3.8%,1,7.69,1,7.69
10671,Yiheng Wang,3.38,R2' U R U R' U' R3 U' R' U R' U',0.76,22.5%,12,15.79,12,15.79
10669,Dylan Miller,6.14,U2' R' U' F' R U R' U' R' F R2 U' R' U' R U R' U R U,1.61,26.2%,20,12.42,20,12.42
10668,Dylan Miller,4.36,,0.00,0.0%,0,n/a,0,n/a
10667,Dylan Miller,4.90,U2' F R U' R' U' R U R' F' R U R' U' R' F R F' U',1.70,34.7%,19,11.18,19,11.18
10666,Dylan Miller,7.40,,n/a,n/a,0,n/a,0,n/a
10665,Dylan Miller,5.14,U' R' U' F' R U R' U' R' F R2 U' R' U' R U R' U R U2',1.51,29.4%,20,13.25,20,13.25
10662,Tymon Kolasiński,4.81,U' x R' U R' D2 R U' R' D2 R2 x' U,n/a,n/a,11,n/a,13,n/a
10661,Tymon Kolasiński,5.09,,n/a,n/a,0,n/a,0,n/a
10660,Tymon Kolasiński,4.64,R U R' F' R U R' U' R' F R2 U' R' U2',n/a,n/a,14,n/a,14,n/a
10659,Tymon Kolasiński,8.94,U x R' U D D' R' D2 R U' R' D2 R2,n/a,n/a,12,n/a,13,n/a
10658,Tymon Kolasiński,4.92,R U R' U R' U' R2 U' R' U R' U R,n/a,n/a,13,n/a,13,n/a
10657,Tymon Kolasiński,4.47,U2 x R2' F R F' R U2' r' U r U2' x' U',n/a,n/a,12,n/a,14,n/a
10656,Tymon Kolasiński,4.46,,n/a,n/a,0,n/a,0,n/a
10655,Tymon Kolasiński,5.21,,n/a,n/a,0,n/a,0,n/a
10654,Tymon Kolasiński,4.97,U' x R2' F R F' R U2' r' U r U2' x' U,n/a,n/a,12,n/a,14,n/a
10653,Tymon Kolasiński,4.94,,n/a,n/a,0,n/a,0,n/a
10652,Tymon Kolasiński,4.14,,n/a,n/a,0,n/a,0,n/a
10651,Tymon Kolasiński,5.01,R' D R U' R' D' R U' R' D R U2 R' D' R,n/a,n/a,15,n/a,15,n/a
10650,Tymon Kolasiński,6.80,U' R2' F2 R U2 R U2' R' F R U R' U' R' F R2,n/a,n/a,16,n/a,16,n/a
10649,Tymon Kolasiński,3.92,x R' U R' D2 R U' R' D2 R2 x' U,n/a,n/a,10,n/a,12,n/a
10648,Tymon Kolasiński,5.30,,n/a,n/a,0,n/a,0,n/a
10647,Tymon Kolasiński,4.38,U R U R' U R' U' R2 U' R' U R' U R,n/a,n/a,14,n/a,14,n/a
10627,Kyle Santucci,3.81,R U' R' U' R U R' U R' D' R U' R' D R2 U R' U',1.26,33.1%,18,14.29,18,14.29
10626,Dylan Miller,5.65,M' U' M' U2' M U' M2' U,0.95,16.8%,8,8.42,8,8.42
10625,Dylan Miller,5.97,M2' U' M2' U2' M2' U' M2',0.90,15.1%,7,7.78,7,7.78
10624,Dylan Miller,5.90,U U' F' U' F R2 u R' U R U' R u' R2' U,1.50,25.4%,15,10.00,15,10.00
10623,Dylan Miller,4.70,R R2' U' R U D' R2 U R' U R U' R U' R2' D,1.33,28.3%,16,12.03,16,12.03
10622,Dylan Miller,6.16,U' M2' U M' U2' M U M2',0.86,14.0%,8,9.30,8,9.30
10617,Luke Garrett,4.16,M2' U M' U2 M U M' R',0.81,19.5%,8,9.88,8,9.88
10615,Yiheng Wang,4.02,R U R' F' R U R' U' R' F R2 U' R' U2,0.82,20.4%,14,17.07,14,17.07
10614,Yiheng Wang,4.59,U' x' R2 D2 R' U' R D2 R' U R',0.89,19.4%,10,11.24,11,12.36
10613,Yiheng Wang,4.48,U2' R2 F2 R U2 R U2' R' F R U R' U' R' F R2 U',1.48,33.0%,17,11.49,17,11.49
10612,Yiheng Wang,3.97,R U R' U' R' F R2 U' R' U' R U R' F',0.97,24.4%,14,14.43,14,14.43
10611,Yiheng Wang,6.11,U' U' R2' F2 R U U R U2' R' F R U R' U' R' F R2,1.91,31.3%,18,9.42,18,9.42
10549,Matty Hiroto Inaba,3.96,U R U R' F' R U R' U' R' F R2 U' R' U2,n/a,n/a,15,n/a,15,n/a
10542,Matty Hiroto Inaba,3.96,R2' F2 R U2 R U2' R' F R U R' U' R' F R2,n/a,n/a,15,n/a,15,n/a
10525,Matty Hiroto Inaba,4.95,U' R U R' U R U R' F' R U R' U' R' F R2 U' R' U2 R U' R' U,1.62,32.7%,23,14.20,23,14.20
10524,Matty Hiroto Inaba,4.95,R' U R' U' R D' R' D R' U D' R2 U' R2' D R2 U2',1.37,27.7%,17,12.41,17,12.41
10523,Matty Hiroto Inaba,4.63,U2' R U R' F' R U R' U' R' F R2 U' R' U',0.88,19.0%,15,17.05,15,17.05
